asset_id,partition,gender_label,confidence_bucket,quality_score,full_hair_score,render_safe_score,coverage_ratio,bbox_width,bbox_height,crop_width,crop_height,render_safe_candidate,render_safe_flags,image_path,mask_path
celeba_full_hair_000003,train,female,high,1.0,1.0,1.0,0.363416,136,208,174,218,True,render_safe_candidate,D:\Projects\Personal Projects\Hairstyle Recommender Live Tryon\backend\data\processed\celeba_full_hair_assets\images\celeba_full_hair_000003.png,D:\Projects\Personal Projects\Hairstyle Recommender Live Tryon\backend\data\processed\celeba_full_hair_assets\masks\celeba_full_hair_000003_mask.png
celeba_full_hair_000004,train,male,high,1.0,1.0,1.0,0.207968,143,129,165,152,True,render_safe_candidate,D:\Projects\Personal Projects\Hairstyle Recommender Live Tryon\backend\data\processed\celeba_full_hair_assets\images\celeba_full_hair_000004.png,D:\Projects\Personal Projects\Hairstyle Recommender Live Tryon\backend\data\processed\celeba_full_hair_assets\masks\celeba_full_hair_000004_mask.png
celeba_full_hair_000005,train,female,high,1.0,1.0,1.0,0.260927,135,193,169,218,True,render_safe_candidate,D:\Projects\Personal Projects\Hairstyle Recommender Live Tryon\backend\data\processed\celeba_full_hair_assets\images\celeba_full_hair_000005.png,D:\Projects\Personal Projects\Hairstyle Recommender Live Tryon\backend\data\processed\celeba_full_hair_assets\masks\celeba_full_hair_000005_mask.png
celeba_full_hair_000006,train,male,high,1.0,1.0,1.0,0.377049,147,194,172,217,True,render_safe_candidate,D:\Projects\Personal Projects\Hairstyle Recommender Live Tryon\backend\data\processed\celeba_full_hair_assets\images\celeba_full_hair_000006.png,D:\Projects\Personal Projects\Hairstyle Recommender Live Tryon\backend\data\processed\celeba_full_hair_assets\masks\celeba_full_hair_000006_mask.png
celeba_full_hair_000007,train,male,high,1.0,1.0,1.0,0.209076,123,141,161,157,True,render_safe_candidate,D:\Projects\Personal Projects\Hairstyle Recommender Live Tryon\backend\data\processed\celeba_full_hair_assets\images\celeba_full_hair_000007.png,D:\Projects\Personal Projects\Hairstyle Recommender Live Tryon\backend\data\processed\celeba_full_hair_assets\masks\celeba_full_hair_000007_mask.png
celeba_full_hair_000011,train,female,high,1.0,1.0,1.0,0.34999,170,204,178,218,True,render_safe_candidate,D:\Projects\Personal Projects\Hairstyle Recommender Live Tryon\backend\data\processed\celeba_full_hair_assets\images\celeba_full_hair_000011.png,D:\Projects\Personal Projects\Hairstyle Recommender Live Tryon\backend\data\processed\celeba_full_hair_assets\masks\celeba_full_hair_000011_mask.png
celeba_full_hair_000012,train,female,high,1.0,1.0,1.0,0.210777,134,159,173,185,True,render_safe_candidate,D:\Projects\Personal Projects\Hairstyle Recommender Live Tryon\backend\data\processed\celeba_full_hair_assets\images\celeba_full_hair_000012.png,D:\Projects\Personal Projects\Hairstyle Recommender Live Tryon\backend\data\processed\celeba_full_hair_assets\masks\celeba_full_hair_000012_mask.png
celeba_full_hair_000015,train,male,high,1.0,1.0,1.0,0.205391,118,165,154,185,True,render_safe_candidate,D:\Projects\Personal Projects\Hairstyle Recommender Live Tryon\backend\data\processed\celeba_full_hair_assets\images\celeba_full_hair_000015.png,D:\Projects\Personal Projects\Hairstyle Recommender Live Tryon\backend\data\processed\celeba_full_hair_assets\masks\celeba_full_hair_000015_mask.png
celeba_full_hair_000017,train,female,high,1.0,1.0,1.0,0.234048,129,208,165,218,True,render_safe_candidate,D:\Projects\Personal Projects\Hairstyle Recommender Live Tryon\backend\data\processed\celeba_full_hair_assets\images\celeba_full_hair_000017.png,D:\Projects\Personal Projects\Hairstyle Recommender Live Tryon\backend\data\processed\celeba_full_hair_assets\masks\celeba_full_hair_000017_mask.png
celeba_full_hair_000018,train,male,high,1.0,1.0,1.0,0.185393,119,167,157,194,True,render_safe_candidate,D:\Projects\Personal Projects\Hairstyle Recommender Live Tryon\backend\data\processed\celeba_full_hair_assets\images\celeba_full_hair_000018.png,D:\Projects\Personal Projects\Hairstyle Recommender Live Tryon\backend\data\processed\celeba_full_hair_assets\masks\celeba_full_hair_000018_mask.png
celeba_full_hair_000023,train,male,high,1.0,1.0,1.0,0.364524,159,187,178,213,True,render_safe_candidate,D:\Projects\Personal Projects\Hairstyle Recommender Live Tryon\backend\data\processed\celeba_full_hair_assets\images\celeba_full_hair_000023.png,D:\Projects\Personal Projects\Hairstyle Recommender Live Tryon\backend\data\processed\celeba_full_hair_assets\masks\celeba_full_hair_000023_mask.png
celeba_full_hair_000024,train,female,high,1.0,1.0,1.0,0.380579,160,218,178,218,True,render_safe_candidate,D:\Projects\Personal Projects\Hairstyle Recommender Live Tryon\backend\data\processed\celeba_full_hair_assets\images\celeba_full_hair_000024.png,D:\Projects\Personal Projects\Hairstyle Recommender Live Tryon\backend\data\processed\celeba_full_hair_assets\masks\celeba_full_hair_000024_mask.png
celeba_full_hair_000025,train,male,high,1.0,1.0,1.0,0.199979,160,216,178,218,True,render_safe_candidate,D:\Projects\Personal Projects\Hairstyle Recommender Live Tryon\backend\data\processed\celeba_full_hair_assets\images\celeba_full_hair_000025.png,D:\Projects\Personal Projects\Hairstyle Recommender Live Tryon\backend\data\processed\celeba_full_hair_assets\masks\celeba_full_hair_000025_mask.png
celeba_full_hair_000026,train,female,high,1.0,1.0,1.0,0.232631,122,171,160,207,True,render_safe_candidate,D:\Projects\Personal Projects\Hairstyle Recommender Live Tryon\backend\data\processed\celeba_full_hair_assets\images\celeba_full_hair_000026.png,D:\Projects\Personal Projects\Hairstyle Recommender Live Tryon\backend\data\processed\celeba_full_hair_assets\masks\celeba_full_hair_000026_mask.png
celeba_full_hair_000028,train,female,high,1.0,1.0,1.0,0.190728,129,123,169,141,True,render_safe_candidate,D:\Projects\Personal Projects\Hairstyle Recommender Live Tryon\backend\data\processed\celeba_full_hair_assets\images\celeba_full_hair_000028.png,D:\Projects\Personal Projects\Hairstyle Recommender Live Tryon\backend\data\processed\celeba_full_hair_assets\masks\celeba_full_hair_000028_mask.png
celeba_full_hair_000029,train,male,high,1.0,1.0,1.0,0.267988,132,205,174,218,True,render_safe_candidate,D:\Projects\Personal Projects\Hairstyle Recommender Live Tryon\backend\data\processed\celeba_full_hair_assets\images\celeba_full_hair_000029.png,D:\Projects\Personal Projects\Hairstyle Recommender Live Tryon\backend\data\processed\celeba_full_hair_assets\masks\celeba_full_hair_000029_mask.png
celeba_full_hair_000030,train,female,high,1.0,1.0,1.0,0.251907,135,155,175,183,True,render_safe_candidate,D:\Projects\Personal Projects\Hairstyle Recommender Live Tryon\backend\data\processed\celeba_full_hair_assets\images\celeba_full_hair_000030.png,D:\Projects\Personal Projects\Hairstyle Recommender Live Tryon\backend\data\processed\celeba_full_hair_assets\masks\celeba_full_hair_000030_mask.png
celeba_full_hair_000034,train,female,high,1.0,1.0,1.0,0.288321,147,164,177,177,True,render_safe_candidate,D:\Projects\Personal Projects\Hairstyle Recommender Live Tryon\backend\data\processed\celeba_full_hair_assets\images\celeba_full_hair_000034.png,D:\Projects\Personal Projects\Hairstyle Recommender Live Tryon\backend\data\processed\celeba_full_hair_assets\masks\celeba_full_hair_000034_mask.png
celeba_full_hair_000035,train,male,high,1.0,1.0,1.0,0.319014,131,199,171,218,True,render_safe_candidate,D:\Projects\Personal Projects\Hairstyle Recommender Live Tryon\backend\data\processed\celeba_full_hair_assets\images\celeba_full_hair_000035.png,D:\Projects\Personal Projects\Hairstyle Recommender Live Tryon\backend\data\processed\celeba_full_hair_assets\masks\celeba_full_hair_000035_mask.png
celeba_full_hair_000037,train,male,high,1.0,1.0,1.0,0.276209,145,172,178,185,True,render_safe_candidate,D:\Projects\Personal Projects\Hairstyle Recommender Live Tryon\backend\data\processed\celeba_full_hair_assets\images\celeba_full_hair_000037.png,D:\Projects\Personal Projects\Hairstyle Recommender Live Tryon\backend\data\processed\celeba_full_hair_assets\masks\celeba_full_hair_000037_mask.png
celeba_full_hair_000038,train,male,high,1.0,1.0,1.0,0.215828,125,124,165,144,True,render_safe_candidate,D:\Projects\Personal Projects\Hairstyle Recommender Live Tryon\backend\data\processed\celeba_full_hair_assets\images\celeba_full_hair_000038.png,D:\Projects\Personal Projects\Hairstyle Recommender Live Tryon\backend\data\processed\celeba_full_hair_assets\masks\celeba_full_hair_000038_mask.png
celeba_full_hair_000039,train,female,high,1.0,1.0,1.0,0.331744,151,175,178,192,True,render_safe_candidate,D:\Projects\Personal Projects\Hairstyle Recommender Live Tryon\backend\data\processed\celeba_full_hair_assets\images\celeba_full_hair_000039.png,D:\Projects\Personal Projects\Hairstyle Recommender Live Tryon\backend\data\processed\celeba_full_hair_assets\masks\celeba_full_hair_000039_mask.png
celeba_full_hair_000040,train,male,high,1.0,1.0,1.0,0.232682,128,153,163,177,True,render_safe_candidate,D:\Projects\Personal Projects\Hairstyle Recommender Live Tryon\backend\data\processed\celeba_full_hair_assets\images\celeba_full_hair_000040.png,D:\Projects\Personal Projects\Hairstyle Recommender Live Tryon\backend\data\processed\celeba_full_hair_assets\masks\celeba_full_hair_000040_mask.png
celeba_full_hair_000041,train,female,high,1.0,1.0,1.0,0.360478,147,210,178,218,True,render_safe_candidate,D:\Projects\Personal Projects\Hairstyle Recommender Live Tryon\backend\data\processed\celeba_full_hair_assets\images\celeba_full_hair_000041.png,D:\Projects\Personal Projects\Hairstyle Recommender Live Tryon\backend\data\processed\celeba_full_hair_assets\masks\celeba_full_hair_000041_mask.png
celeba_full_hair_000042,train,male,high,1.0,1.0,1.0,0.306927,151,209,175,218,True,render_safe_candidate,D:\Projects\Personal Projects\Hairstyle Recommender Live Tryon\backend\data\processed\celeba_full_hair_assets\images\celeba_full_hair_000042.png,D:\Projects\Personal Projects\Hairstyle Recommender Live Tryon\backend\data\processed\celeba_full_hair_assets\masks\celeba_full_hair_000042_mask.png
celeba_full_hair_000048,train,male,high,1.0,1.0,1.0,0.202325,122,191,160,218,True,render_safe_candidate,D:\Projects\Personal Projects\Hairstyle Recommender Live Tryon\backend\data\processed\celeba_full_hair_assets\images\celeba_full_hair_000048.png,D:\Projects\Personal Projects\Hairstyle Recommender Live Tryon\backend\data\processed\celeba_full_hair_assets\masks\celeba_full_hair_000048_mask.png
celeba_full_hair_000049,train,female,high,1.0,1.0,1.0,0.377049,164,207,178,218,True,render_safe_candidate,D:\Projects\Personal Projects\Hairstyle Recommender Live Tryon\backend\data\processed\celeba_full_hair_assets\images\celeba_full_hair_000049.png,D:\Projects\Personal Projects\Hairstyle Recommender Live Tryon\backend\data\processed\celeba_full_hair_assets\masks\celeba_full_hair_000049_mask.png
celeba_full_hair_000051,train,female,high,1.0,1.0,1.0,0.222013,137,123,173,147,True,render_safe_candidate,D:\Projects\Personal Projects\Hairstyle Recommender Live Tryon\backend\data\processed\celeba_full_hair_assets\images\celeba_full_hair_000051.png,D:\Projects\Personal Projects\Hairstyle Recommender Live Tryon\backend\data\processed\celeba_full_hair_assets\masks\celeba_full_hair_000051_mask.png
celeba_full_hair_000053,train,male,high,1.0,1.0,1.0,0.319967,156,203,178,218,True,render_safe_candidate,D:\Projects\Personal Projects\Hairstyle Recommender Live Tryon\backend\data\processed\celeba_full_hair_assets\images\celeba_full_hair_000053.png,D:\Projects\Personal Projects\Hairstyle Recommender Live Tryon\backend\data\processed\celeba_full_hair_assets\masks\celeba_full_hair_000053_mask.png
celeba_full_hair_000055,train,female,high,1.0,1.0,1.0,0.242501,134,178,174,206,True,render_safe_candidate,D:\Projects\Personal Projects\Hairstyle Recommender Live Tryon\backend\data\processed\celeba_full_hair_assets\images\celeba_full_hair_000055.png,D:\Projects\Personal Projects\Hairstyle Recommender Live Tryon\backend\data\processed\celeba_full_hair_assets\masks\celeba_full_hair_000055_mask.png
celeba_full_hair_000056,train,female,high,1.0,1.0,1.0,0.330249,133,198,166,218,True,render_safe_candidate,D:\Projects\Personal Projects\Hairstyle Recommender Live Tryon\backend\data\processed\celeba_full_hair_assets\images\celeba_full_hair_000056.png,D:\Projects\Personal Projects\Hairstyle Recommender Live Tryon\backend\data\processed\celeba_full_hair_assets\masks\celeba_full_hair_000056_mask.png
celeba_full_hair_000059,train,female,high,1.0,1.0,1.0,0.275049,147,161,178,176,True,render_safe_candidate,D:\Projects\Personal Projects\Hairstyle Recommender Live Tryon\backend\data\processed\celeba_full_hair_assets\images\celeba_full_hair_000059.png,D:\Projects\Personal Projects\Hairstyle Recommender Live Tryon\backend\data\processed\celeba_full_hair_assets\masks\celeba_full_hair_000059_mask.png
celeba_full_hair_000062,train,male,high,1.0,1.0,1.0,0.245387,142,143,174,171,True,render_safe_candidate,D:\Projects\Personal Projects\Hairstyle Recommender Live Tryon\backend\data\processed\celeba_full_hair_assets\images\celeba_full_hair_000062.png,D:\Projects\Personal Projects\Hairstyle Recommender Live Tryon\backend\data\processed\celeba_full_hair_assets\masks\celeba_full_hair_000062_mask.png
celeba_full_hair_000064,train,male,high,1.0,1.0,1.0,0.192996,123,130,161,150,True,render_safe_candidate,D:\Projects\Personal Projects\Hairstyle Recommender Live Tryon\backend\data\processed\celeba_full_hair_assets\images\celeba_full_hair_000064.png,D:\Projects\Personal Projects\Hairstyle Recommender Live Tryon\backend\data\processed\celeba_full_hair_assets\masks\celeba_full_hair_000064_mask.png
celeba_full_hair_000065,train,female,high,1.0,1.0,1.0,0.249897,144,141,174,155,True,render_safe_candidate,D:\Projects\Personal Projects\Hairstyle Recommender Live Tryon\backend\data\processed\celeba_full_hair_assets\images\celeba_full_hair_000065.png,D:\Projects\Personal Projects\Hairstyle Recommender Live Tryon\backend\data\processed\celeba_full_hair_assets\masks\celeba_full_hair_000065_mask.png
celeba_full_hair_000068,train,male,high,1.0,1.0,1.0,0.20485,133,137,172,157,True,render_safe_candidate,D:\Projects\Personal Projects\Hairstyle Recommender Live Tryon\backend\data\processed\celeba_full_hair_assets\images\celeba_full_hair_000068.png,D:\Projects\Personal Projects\Hairstyle Recommender Live Tryon\backend\data\processed\celeba_full_hair_assets\masks\celeba_full_hair_000068_mask.png
celeba_full_hair_000070,train,female,high,1.0,1.0,1.0,0.243351,133,199,161,218,True,render_safe_candidate,D:\Projects\Personal Projects\Hairstyle Recommender Live Tryon\backend\data\processed\celeba_full_hair_assets\images\celeba_full_hair_000070.png,D:\Projects\Personal Projects\Hairstyle Recommender Live Tryon\backend\data\processed\celeba_full_hair_assets\masks\celeba_full_hair_000070_mask.png
celeba_full_hair_000071,train,female,high,1.0,1.0,1.0,0.286826,145,165,178,181,True,render_safe_candidate,D:\Projects\Personal Projects\Hairstyle Recommender Live Tryon\backend\data\processed\celeba_full_hair_assets\images\celeba_full_hair_000071.png,D:\Projects\Personal Projects\Hairstyle Recommender Live Tryon\backend\data\processed\celeba_full_hair_assets\masks\celeba_full_hair_000071_mask.png
celeba_full_hair_000072,train,female,high,1.0,1.0,1.0,0.205391,132,134,174,151,True,render_safe_candidate,D:\Projects\Personal Projects\Hairstyle Recommender Live Tryon\backend\data\processed\celeba_full_hair_assets\images\celeba_full_hair_000072.png,D:\Projects\Personal Projects\Hairstyle Recommender Live Tryon\backend\data\processed\celeba_full_hair_assets\masks\celeba_full_hair_000072_mask.png
celeba_full_hair_000074,train,male,high,1.0,1.0,1.0,0.184053,138,160,164,177,True,render_safe_candidate,D:\Projects\Personal Projects\Hairstyle Recommender Live Tryon\backend\data\processed\celeba_full_hair_assets\images\celeba_full_hair_000074.png,D:\Projects\Personal Projects\Hairstyle Recommender Live Tryon\backend\data\processed\celeba_full_hair_assets\masks\celeba_full_hair_000074_mask.png
celeba_full_hair_000075,train,female,high,1.0,1.0,1.0,0.250412,140,148,174,175,True,render_safe_candidate,D:\Projects\Personal Projects\Hairstyle Recommender Live Tryon\backend\data\processed\celeba_full_hair_assets\images\celeba_full_hair_000075.png,D:\Projects\Personal Projects\Hairstyle Recommender Live Tryon\backend\data\processed\celeba_full_hair_assets\masks\celeba_full_hair_000075_mask.png
celeba_full_hair_000076,train,female,high,1.0,1.0,1.0,0.239279,141,158,171,187,True,render_safe_candidate,D:\Projects\Personal Projects\Hairstyle Recommender Live Tryon\backend\data\processed\celeba_full_hair_assets\images\celeba_full_hair_000076.png,D:\Projects\Personal Projects\Hairstyle Recommender Live Tryon\backend\data\processed\celeba_full_hair_assets\masks\celeba_full_hair_000076_mask.png
celeba_full_hair_000077,train,male,high,1.0,1.0,1.0,0.240156,138,141,178,156,True,render_safe_candidate,D:\Projects\Personal Projects\Hairstyle Recommender Live Tryon\backend\data\processed\celeba_full_hair_assets\images\celeba_full_hair_000077.png,D:\Projects\Personal Projects\Hairstyle Recommender Live Tryon\backend\data\processed\celeba_full_hair_assets\masks\celeba_full_hair_000077_mask.png
celeba_full_hair_000078,train,female,high,1.0,1.0,1.0,0.365091,142,184,174,212,True,render_safe_candidate,D:\Projects\Personal Projects\Hairstyle Recommender Live Tryon\backend\data\processed\celeba_full_hair_assets\images\celeba_full_hair_000078.png,D:\Projects\Personal Projects\Hairstyle Recommender Live Tryon\backend\data\processed\celeba_full_hair_assets\masks\celeba_full_hair_000078_mask.png
celeba_full_hair_000079,train,female,high,1.0,1.0,1.0,0.27742,137,144,177,163,True,render_safe_candidate,D:\Projects\Personal Projects\Hairstyle Recommender Live Tryon\backend\data\processed\celeba_full_hair_assets\images\celeba_full_hair_000079.png,D:\Projects\Personal Projects\Hairstyle Recommender Live Tryon\backend\data\processed\celeba_full_hair_assets\masks\celeba_full_hair_000079_mask.png
celeba_full_hair_000081,train,female,high,1.0,1.0,1.0,0.309195,142,142,172,166,True,render_safe_candidate,D:\Projects\Personal Projects\Hairstyle Recommender Live Tryon\backend\data\processed\celeba_full_hair_assets\images\celeba_full_hair_000081.png,D:\Projects\Personal Projects\Hairstyle Recommender Live Tryon\backend\data\processed\celeba_full_hair_assets\masks\celeba_full_hair_000081_mask.png
celeba_full_hair_000082,train,male,high,1.0,1.0,1.0,0.212607,132,136,174,155,True,render_safe_candidate,D:\Projects\Personal Projects\Hairstyle Recommender Live Tryon\backend\data\processed\celeba_full_hair_assets\images\celeba_full_hair_000082.png,D:\Projects\Personal Projects\Hairstyle Recommender Live Tryon\backend\data\processed\celeba_full_hair_assets\masks\celeba_full_hair_000082_mask.png
celeba_full_hair_000084,train,male,high,1.0,1.0,1.0,0.190779,134,144,175,164,True,render_safe_candidate,D:\Projects\Personal Projects\Hairstyle Recommender Live Tryon\backend\data\processed\celeba_full_hair_assets\images\celeba_full_hair_000084.png,D:\Projects\Personal Projects\Hairstyle Recommender Live Tryon\backend\data\processed\celeba_full_hair_assets\masks\celeba_full_hair_000084_mask.png
celeba_full_hair_000085,train,male,high,1.0,1.0,1.0,0.239563,143,132,178,156,True,render_safe_candidate,D:\Projects\Personal Projects\Hairstyle Recommender Live Tryon\backend\data\processed\celeba_full_hair_assets\images\celeba_full_hair_000085.png,D:\Projects\Personal Projects\Hairstyle Recommender Live Tryon\backend\data\processed\celeba_full_hair_assets\masks\celeba_full_hair_000085_mask.png
celeba_full_hair_000088,train,male,high,1.0,1.0,1.0,0.242114,136,150,168,170,True,render_safe_candidate,D:\Projects\Personal Projects\Hairstyle Recommender Live Tryon\backend\data\processed\celeba_full_hair_assets\images\celeba_full_hair_000088.png,D:\Projects\Personal Projects\Hairstyle Recommender Live Tryon\backend\data\processed\celeba_full_hair_assets\masks\celeba_full_hair_000088_mask.png
celeba_full_hair_000089,train,male,high,1.0,1.0,1.0,0.251005,143,195,174,216,True,render_safe_candidate,D:\Projects\Personal Projects\Hairstyle Recommender Live Tryon\backend\data\processed\celeba_full_hair_assets\images\celeba_full_hair_000089.png,D:\Projects\Personal Projects\Hairstyle Recommender Live Tryon\backend\data\processed\celeba_full_hair_assets\masks\celeba_full_hair_000089_mask.png
celeba_full_hair_000090,train,male,high,1.0,1.0,1.0,0.23964,140,165,172,186,True,render_safe_candidate,D:\Projects\Personal Projects\Hairstyle Recommender Live Tryon\backend\data\processed\celeba_full_hair_assets\images\celeba_full_hair_000090.png,D:\Projects\Personal Projects\Hairstyle Recommender Live Tryon\backend\data\processed\celeba_full_hair_assets\masks\celeba_full_hair_000090_mask.png
celeba_full_hair_000091,train,female,high,1.0,1.0,1.0,0.38076,163,192,178,218,True,render_safe_candidate,D:\Projects\Personal Projects\Hairstyle Recommender Live Tryon\backend\data\processed\celeba_full_hair_assets\images\celeba_full_hair_000091.png,D:\Projects\Personal Projects\Hairstyle Recommender Live Tryon\backend\data\processed\celeba_full_hair_assets\masks\celeba_full_hair_000091_mask.png
celeba_full_hair_000093,train,male,high,1.0,1.0,1.0,0.217271,146,134,177,156,True,render_safe_candidate,D:\Projects\Personal Projects\Hairstyle Recommender Live Tryon\backend\data\processed\celeba_full_hair_assets\images\celeba_full_hair_000093.png,D:\Projects\Personal Projects\Hairstyle Recommender Live Tryon\backend\data\processed\celeba_full_hair_assets\masks\celeba_full_hair_000093_mask.png
celeba_full_hair_000094,train,female,high,1.0,1.0,1.0,0.26639,132,160,172,177,True,render_safe_candidate,D:\Projects\Personal Projects\Hairstyle Recommender Live Tryon\backend\data\processed\celeba_full_hair_assets\images\celeba_full_hair_000094.png,D:\Projects\Personal Projects\Hairstyle Recommender Live Tryon\backend\data\processed\celeba_full_hair_assets\masks\celeba_full_hair_000094_mask.png
celeba_full_hair_000095,train,female,high,1.0,1.0,1.0,0.229951,145,130,178,150,True,render_safe_candidate,D:\Projects\Personal Projects\Hairstyle Recommender Live Tryon\backend\data\processed\celeba_full_hair_assets\images\celeba_full_hair_000095.png,D:\Projects\Personal Projects\Hairstyle Recommender Live Tryon\backend\data\processed\celeba_full_hair_assets\masks\celeba_full_hair_000095_mask.png
celeba_full_hair_000096,train,female,high,1.0,1.0,1.0,0.23312,134,174,166,201,True,render_safe_candidate,D:\Projects\Personal Projects\Hairstyle Recommender Live Tryon\backend\data\processed\celeba_full_hair_assets\images\celeba_full_hair_000096.png,D:\Projects\Personal Projects\Hairstyle Recommender Live Tryon\backend\data\processed\celeba_full_hair_assets\masks\celeba_full_hair_000096_mask.png
celeba_full_hair_000097,train,male,high,1.0,1.0,1.0,0.182172,133,174,170,204,True,render_safe_candidate,D:\Projects\Personal Projects\Hairstyle Recommender Live Tryon\backend\data\processed\celeba_full_hair_assets\images\celeba_full_hair_000097.png,D:\Projects\Personal Projects\Hairstyle Recommender Live Tryon\backend\data\processed\celeba_full_hair_assets\masks\celeba_full_hair_000097_mask.png
celeba_full_hair_000099,train,female,high,1.0,1.0,1.0,0.251211,139,153,178,181,True,render_safe_candidate,D:\Projects\Personal Projects\Hairstyle Recommender Live Tryon\backend\data\processed\celeba_full_hair_assets\images\celeba_full_hair_000099.png,D:\Projects\Personal Projects\Hairstyle Recommender Live Tryon\backend\data\processed\celeba_full_hair_assets\masks\celeba_full_hair_000099_mask.png
celeba_full_hair_000100,train,female,high,1.0,1.0,1.0,0.19297,126,199,166,218,True,render_safe_candidate,D:\Projects\Personal Projects\Hairstyle Recommender Live Tryon\backend\data\processed\celeba_full_hair_assets\images\celeba_full_hair_000100.png,D:\Projects\Personal Projects\Hairstyle Recommender Live Tryon\backend\data\processed\celeba_full_hair_assets\masks\celeba_full_hair_000100_mask.png
celeba_full_hair_000101,train,female,high,1.0,1.0,1.0,0.28278,139,177,169,206,True,render_safe_candidate,D:\Projects\Personal Projects\Hairstyle Recommender Live Tryon\backend\data\processed\celeba_full_hair_assets\images\celeba_full_hair_000101.png,D:\Projects\Personal Projects\Hairstyle Recommender Live Tryon\backend\data\processed\celeba_full_hair_assets\masks\celeba_full_hair_000101_mask.png
celeba_full_hair_000102,train,male,high,1.0,1.0,1.0,0.246856,121,151,155,173,True,render_safe_candidate,D:\Projects\Personal Projects\Hairstyle Recommender Live Tryon\backend\data\processed\celeba_full_hair_assets\images\celeba_full_hair_000102.png,D:\Projects\Personal Projects\Hairstyle Recommender Live Tryon\backend\data\processed\celeba_full_hair_assets\masks\celeba_full_hair_000102_mask.png
celeba_full_hair_000103,train,female,high,1.0,1.0,1.0,0.260566,138,133,171,151,True,render_safe_candidate,D:\Projects\Personal Projects\Hairstyle Recommender Live Tryon\backend\data\processed\celeba_full_hair_assets\images\celeba_full_hair_000103.png,D:\Projects\Personal Projects\Hairstyle Recommender Live Tryon\backend\data\processed\celeba_full_hair_assets\masks\celeba_full_hair_000103_mask.png
celeba_full_hair_000104,train,female,high,1.0,1.0,1.0,0.247964,141,143,178,168,True,render_safe_candidate,D:\Projects\Personal Projects\Hairstyle Recommender Live Tryon\backend\data\processed\celeba_full_hair_assets\images\celeba_full_hair_000104.png,D:\Projects\Personal Projects\Hairstyle Recommender Live Tryon\backend\data\processed\celeba_full_hair_assets\masks\celeba_full_hair_000104_mask.png
celeba_full_hair_000105,train,female,high,1.0,1.0,1.0,0.262189,131,187,161,217,True,render_safe_candidate,D:\Projects\Personal Projects\Hairstyle Recommender Live Tryon\backend\data\processed\celeba_full_hair_assets\images\celeba_full_hair_000105.png,D:\Projects\Personal Projects\Hairstyle Recommender Live Tryon\backend\data\processed\celeba_full_hair_assets\masks\celeba_full_hair_000105_mask.png
celeba_full_hair_000109,train,female,high,1.0,1.0,1.0,0.212607,140,130,174,150,True,render_safe_candidate,D:\Projects\Personal Projects\Hairstyle Recommender Live Tryon\backend\data\processed\celeba_full_hair_assets\images\celeba_full_hair_000109.png,D:\Projects\Personal Projects\Hairstyle Recommender Live Tryon\backend\data\processed\celeba_full_hair_assets\masks\celeba_full_hair_000109_mask.png
celeba_full_hair_000110,train,male,high,1.0,1.0,1.0,0.252706,145,160,178,179,True,render_safe_candidate,D:\Projects\Personal Projects\Hairstyle Recommender Live Tryon\backend\data\processed\celeba_full_hair_assets\images\celeba_full_hair_000110.png,D:\Projects\Personal Projects\Hairstyle Recommender Live Tryon\backend\data\processed\celeba_full_hair_assets\masks\celeba_full_hair_000110_mask.png
celeba_full_hair_000111,train,male,high,1.0,1.0,1.0,0.185367,135,129,177,149,True,render_safe_candidate,D:\Projects\Personal Projects\Hairstyle Recommender Live Tryon\backend\data\processed\celeba_full_hair_assets\images\celeba_full_hair_000111.png,D:\Projects\Personal Projects\Hairstyle Recommender Live Tryon\backend\data\processed\celeba_full_hair_assets\masks\celeba_full_hair_000111_mask.png
celeba_full_hair_000112,train,male,high,1.0,1.0,1.0,0.255644,145,161,172,184,True,render_safe_candidate,D:\Projects\Personal Projects\Hairstyle Recommender Live Tryon\backend\data\processed\celeba_full_hair_assets\images\celeba_full_hair_000112.png,D:\Projects\Personal Projects\Hairstyle Recommender Live Tryon\backend\data\processed\celeba_full_hair_assets\masks\celeba_full_hair_000112_mask.png
celeba_full_hair_000114,train,male,high,1.0,1.0,1.0,0.183151,133,148,166,175,True,render_safe_candidate,D:\Projects\Personal Projects\Hairstyle Recommender Live Tryon\backend\data\processed\celeba_full_hair_assets\images\celeba_full_hair_000114.png,D:\Projects\Personal Projects\Hairstyle Recommender Live Tryon\backend\data\processed\celeba_full_hair_assets\masks\celeba_full_hair_000114_mask.png
celeba_full_hair_000115,train,male,high,1.0,1.0,1.0,0.310071,148,162,178,190,True,render_safe_candidate,D:\Projects\Personal Projects\Hairstyle Recommender Live Tryon\backend\data\processed\celeba_full_hair_assets\images\celeba_full_hair_000115.png,D:\Projects\Personal Projects\Hairstyle Recommender Live Tryon\backend\data\processed\celeba_full_hair_assets\masks\celeba_full_hair_000115_mask.png
celeba_full_hair_000120,train,male,high,1.0,1.0,1.0,0.241573,125,137,165,162,True,render_safe_candidate,D:\Projects\Personal Projects\Hairstyle Recommender Live Tryon\backend\data\processed\celeba_full_hair_assets\images\celeba_full_hair_000120.png,D:\Projects\Personal Projects\Hairstyle Recommender Live Tryon\backend\data\processed\celeba_full_hair_assets\masks\celeba_full_hair_000120_mask.png
celeba_full_hair_000123,train,male,high,1.0,1.0,1.0,0.184131,122,154,160,177,True,render_safe_candidate,D:\Projects\Personal Projects\Hairstyle Recommender Live Tryon\backend\data\processed\celeba_full_hair_assets\images\celeba_full_hair_000123.png,D:\Projects\Personal Projects\Hairstyle Recommender Live Tryon\backend\data\processed\celeba_full_hair_assets\masks\celeba_full_hair_000123_mask.png
celeba_full_hair_000124,train,male,high,1.0,1.0,1.0,0.261648,147,161,178,187,True,render_safe_candidate,D:\Projects\Personal Projects\Hairstyle Recommender Live Tryon\backend\data\processed\celeba_full_hair_assets\images\celeba_full_hair_000124.png,D:\Projects\Personal Projects\Hairstyle Recommender Live Tryon\backend\data\processed\celeba_full_hair_assets\masks\celeba_full_hair_000124_mask.png
celeba_full_hair_000125,train,female,high,1.0,1.0,1.0,0.252706,154,124,178,140,True,render_safe_candidate,D:\Projects\Personal Projects\Hairstyle Recommender Live Tryon\backend\data\processed\celeba_full_hair_assets\images\celeba_full_hair_000125.png,D:\Projects\Personal Projects\Hairstyle Recommender Live Tryon\backend\data\processed\celeba_full_hair_assets\masks\celeba_full_hair_000125_mask.png
celeba_full_hair_000126,train,male,high,1.0,1.0,1.0,0.233301,120,131,158,158,True,render_safe_candidate,D:\Projects\Personal Projects\Hairstyle Recommender Live Tryon\backend\data\processed\celeba_full_hair_assets\images\celeba_full_hair_000126.png,D:\Projects\Personal Projects\Hairstyle Recommender Live Tryon\backend\data\processed\celeba_full_hair_assets\masks\celeba_full_hair_000126_mask.png
celeba_full_hair_000127,train,male,high,1.0,1.0,1.0,0.24665,154,159,178,182,True,render_safe_candidate,D:\Projects\Personal Projects\Hairstyle Recommender Live Tryon\backend\data\processed\celeba_full_hair_assets\images\celeba_full_hair_000127.png,D:\Projects\Personal Projects\Hairstyle Recommender Live Tryon\backend\data\processed\celeba_full_hair_assets\masks\celeba_full_hair_000127_mask.png
celeba_full_hair_000128,train,female,high,1.0,1.0,1.0,0.221189,126,132,163,145,True,render_safe_candidate,D:\Projects\Personal Projects\Hairstyle Recommender Live Tryon\backend\data\processed\celeba_full_hair_assets\images\celeba_full_hair_000128.png,D:\Projects\Personal Projects\Hairstyle Recommender Live Tryon\backend\data\processed\celeba_full_hair_assets\masks\celeba_full_hair_000128_mask.png
celeba_full_hair_000130,train,female,high,1.0,1.0,1.0,0.374034,147,197,178,218,True,render_safe_candidate,D:\Projects\Personal Projects\Hairstyle Recommender Live Tryon\backend\data\processed\celeba_full_hair_assets\images\celeba_full_hair_000130.png,D:\Projects\Personal Projects\Hairstyle Recommender Live Tryon\backend\data\processed\celeba_full_hair_assets\masks\celeba_full_hair_000130_mask.png
celeba_full_hair_000135,train,female,high,1.0,1.0,1.0,0.256829,145,160,178,186,True,render_safe_candidate,D:\Projects\Personal Projects\Hairstyle Recommender Live Tryon\backend\data\processed\celeba_full_hair_assets\images\celeba_full_hair_000135.png,D:\Projects\Personal Projects\Hairstyle Recommender Live Tryon\backend\data\processed\celeba_full_hair_assets\masks\celeba_full_hair_000135_mask.png
celeba_full_hair_000136,train,female,high,1.0,1.0,1.0,0.240156,140,144,177,171,True,render_safe_candidate,D:\Projects\Personal Projects\Hairstyle Recommender Live Tryon\backend\data\processed\celeba_full_hair_assets\images\celeba_full_hair_000136.png,D:\Projects\Personal Projects\Hairstyle Recommender Live Tryon\backend\data\processed\celeba_full_hair_assets\masks\celeba_full_hair_000136_mask.png
celeba_full_hair_000137,train,male,high,1.0,1.0,1.0,0.214566,134,149,168,164,True,render_safe_candidate,D:\Projects\Personal Projects\Hairstyle Recommender Live Tryon\backend\data\processed\celeba_full_hair_assets\images\celeba_full_hair_000137.png,D:\Projects\Personal Projects\Hairstyle Recommender Live Tryon\backend\data\processed\celeba_full_hair_assets\masks\celeba_full_hair_000137_mask.png
celeba_full_hair_000139,train,female,high,1.0,1.0,1.0,0.264921,133,199,173,218,True,render_safe_candidate,D:\Projects\Personal Projects\Hairstyle Recommender Live Tryon\backend\data\processed\celeba_full_hair_assets\images\celeba_full_hair_000139.png,D:\Projects\Personal Projects\Hairstyle Recommender Live Tryon\backend\data\processed\celeba_full_hair_assets\masks\celeba_full_hair_000139_mask.png
celeba_full_hair_000140,train,female,high,1.0,1.0,1.0,0.213612,136,144,177,162,True,render_safe_candidate,D:\Projects\Personal Projects\Hairstyle Recommender Live Tryon\backend\data\processed\celeba_full_hair_assets\images\celeba_full_hair_000140.png,D:\Projects\Personal Projects\Hairstyle Recommender Live Tryon\backend\data\processed\celeba_full_hair_assets\masks\celeba_full_hair_000140_mask.png
celeba_full_hair_000141,train,male,high,1.0,1.0,1.0,0.208767,136,138,170,162,True,render_safe_candidate,D:\Projects\Personal Projects\Hairstyle Recommender Live Tryon\backend\data\processed\celeba_full_hair_assets\images\celeba_full_hair_000141.png,D:\Projects\Personal Projects\Hairstyle Recommender Live Tryon\backend\data\processed\celeba_full_hair_assets\masks\celeba_full_hair_000141_mask.png
celeba_full_hair_000142,train,female,high,1.0,1.0,1.0,0.209179,123,139,161,167,True,render_safe_candidate,D:\Projects\Personal Projects\Hairstyle Recommender Live Tryon\backend\data\processed\celeba_full_hair_assets\images\celeba_full_hair_000142.png,D:\Projects\Personal Projects\Hairstyle Recommender Live Tryon\backend\data\processed\celeba_full_hair_assets\masks\celeba_full_hair_000142_mask.png
celeba_full_hair_000144,train,male,high,1.0,1.0,1.0,0.370632,164,188,178,218,True,render_safe_candidate,D:\Projects\Personal Projects\Hairstyle Recommender Live Tryon\backend\data\processed\celeba_full_hair_assets\images\celeba_full_hair_000144.png,D:\Projects\Personal Projects\Hairstyle Recommender Live Tryon\backend\data\processed\celeba_full_hair_assets\masks\celeba_full_hair_000144_mask.png
celeba_full_hair_000145,train,female,high,1.0,1.0,1.0,0.28345,146,152,178,166,True,render_safe_candidate,D:\Projects\Personal Projects\Hairstyle Recommender Live Tryon\backend\data\processed\celeba_full_hair_assets\images\celeba_full_hair_000145.png,D:\Projects\Personal Projects\Hairstyle Recommender Live Tryon\backend\data\processed\celeba_full_hair_assets\masks\celeba_full_hair_000145_mask.png
celeba_full_hair_000146,train,male,high,1.0,1.0,1.0,0.305536,130,211,170,218,True,render_safe_candidate,D:\Projects\Personal Projects\Hairstyle Recommender Live Tryon\backend\data\processed\celeba_full_hair_assets\images\celeba_full_hair_000146.png,D:\Projects\Personal Projects\Hairstyle Recommender Live Tryon\backend\data\processed\celeba_full_hair_assets\masks\celeba_full_hair_000146_mask.png
celeba_full_hair_000148,train,male,high,1.0,1.0,1.0,0.238919,125,131,165,146,True,render_safe_candidate,D:\Projects\Personal Projects\Hairstyle Recommender Live Tryon\backend\data\processed\celeba_full_hair_assets\images\celeba_full_hair_000148.png,D:\Projects\Personal Projects\Hairstyle Recommender Live Tryon\backend\data\processed\celeba_full_hair_assets\masks\celeba_full_hair_000148_mask.png
celeba_full_hair_000149,val,male,high,1.0,1.0,1.0,0.184749,132,124,164,144,True,render_safe_candidate,D:\Projects\Personal Projects\Hairstyle Recommender Live Tryon\backend\data\processed\celeba_full_hair_assets\images\celeba_full_hair_000149.png,D:\Projects\Personal Projects\Hairstyle Recommender Live Tryon\backend\data\processed\celeba_full_hair_assets\masks\celeba_full_hair_000149_mask.png
celeba_full_hair_000151,val,male,high,1.0,1.0,1.0,0.242475,125,202,162,218,True,render_safe_candidate,D:\Projects\Personal Projects\Hairstyle Recommender Live Tryon\backend\data\processed\celeba_full_hair_assets\images\celeba_full_hair_000151.png,D:\Projects\Personal Projects\Hairstyle Recommender Live Tryon\backend\data\processed\celeba_full_hair_assets\masks\celeba_full_hair_000151_mask.png
celeba_full_hair_000153,val,female,high,1.0,1.0,1.0,0.332208,153,203,178,218,True,render_safe_candidate,D:\Projects\Personal Projects\Hairstyle Recommender Live Tryon\backend\data\processed\celeba_full_hair_assets\images\celeba_full_hair_000153.png,D:\Projects\Personal Projects\Hairstyle Recommender Live Tryon\backend\data\processed\celeba_full_hair_assets\masks\celeba_full_hair_000153_mask.png
celeba_full_hair_000154,val,female,high,1.0,1.0,1.0,0.219153,146,185,172,218,True,render_safe_candidate,D:\Projects\Personal Projects\Hairstyle Recommender Live Tryon\backend\data\processed\celeba_full_hair_assets\images\celeba_full_hair_000154.png,D:\Projects\Personal Projects\Hairstyle Recommender Live Tryon\backend\data\processed\celeba_full_hair_assets\masks\celeba_full_hair_000154_mask.png
celeba_full_hair_000157,val,female,high,1.0,1.0,1.0,0.234667,155,159,178,174,True,render_safe_candidate,D:\Projects\Personal Projects\Hairstyle Recommender Live Tryon\backend\data\processed\celeba_full_hair_assets\images\celeba_full_hair_000157.png,D:\Projects\Personal Projects\Hairstyle Recommender Live Tryon\backend\data\processed\celeba_full_hair_assets\masks\celeba_full_hair_000157_mask.png
celeba_full_hair_000158,val,male,high,1.0,1.0,1.0,0.214205,125,140,165,155,True,render_safe_candidate,D:\Projects\Personal Projects\Hairstyle Recommender Live Tryon\backend\data\processed\celeba_full_hair_assets\images\celeba_full_hair_000158.png,D:\Projects\Personal Projects\Hairstyle Recommender Live Tryon\backend\data\processed\celeba_full_hair_assets\masks\celeba_full_hair_000158_mask.png
celeba_full_hair_000159,val,female,high,1.0,1.0,1.0,0.253608,146,190,178,213,True,render_safe_candidate,D:\Projects\Personal Projects\Hairstyle Recommender Live Tryon\backend\data\processed\celeba_full_hair_assets\images\celeba_full_hair_000159.png,D:\Projects\Personal Projects\Hairstyle Recommender Live Tryon\backend\data\processed\celeba_full_hair_assets\masks\celeba_full_hair_000159_mask.png
celeba_full_hair_000160,val,female,high,1.0,1.0,1.0,0.297212,135,204,175,218,True,render_safe_candidate,D:\Projects\Personal Projects\Hairstyle Recommender Live Tryon\backend\data\processed\celeba_full_hair_assets\images\celeba_full_hair_000160.png,D:\Projects\Personal Projects\Hairstyle Recommender Live Tryon\backend\data\processed\celeba_full_hair_assets\masks\celeba_full_hair_000160_mask.png
celeba_full_hair_000164,val,female,high,1.0,1.0,1.0,0.264689,154,137,178,156,True,render_safe_candidate,D:\Projects\Personal Projects\Hairstyle Recommender Live Tryon\backend\data\processed\celeba_full_hair_assets\images\celeba_full_hair_000164.png,D:\Projects\Personal Projects\Hairstyle Recommender Live Tryon\backend\data\processed\celeba_full_hair_assets\masks\celeba_full_hair_000164_mask.png
celeba_full_hair_000167,val,female,high,1.0,1.0,1.0,0.349397,162,180,178,198,True,render_safe_candidate,D:\Projects\Personal Projects\Hairstyle Recommender Live Tryon\backend\data\processed\celeba_full_hair_assets\images\celeba_full_hair_000167.png,D:\Projects\Personal Projects\Hairstyle Recommender Live Tryon\backend\data\processed\celeba_full_hair_assets\masks\celeba_full_hair_000167_mask.png
celeba_full_hair_000171,val,male,high,1.0,1.0,1.0,0.191192,120,161,158,187,True,render_safe_candidate,D:\Projects\Personal Projects\Hairstyle Recommender Live Tryon\backend\data\processed\celeba_full_hair_assets\images\celeba_full_hair_000171.png,D:\Projects\Personal Projects\Hairstyle Recommender Live Tryon\backend\data\processed\celeba_full_hair_assets\masks\celeba_full_hair_000171_mask.png
celeba_full_hair_000172,val,female,high,1.0,1.0,1.0,0.228997,151,143,178,163,True,render_safe_candidate,D:\Projects\Personal Projects\Hairstyle Recommender Live Tryon\backend\data\processed\celeba_full_hair_assets\images\celeba_full_hair_000172.png,D:\Projects\Personal Projects\Hairstyle Recommender Live Tryon\backend\data\processed\celeba_full_hair_assets\masks\celeba_full_hair_000172_mask.png
celeba_full_hair_000173,val,female,high,1.0,1.0,1.0,0.253479,143,132,178,155,True,render_safe_candidate,D:\Projects\Personal Projects\Hairstyle Recommender Live Tryon\backend\data\processed\celeba_full_hair_assets\images\celeba_full_hair_000173.png,D:\Projects\Personal Projects\Hairstyle Recommender Live Tryon\backend\data\processed\celeba_full_hair_assets\masks\celeba_full_hair_000173_mask.png
celeba_full_hair_000174,val,male,high,1.0,1.0,1.0,0.232811,157,159,178,174,True,render_safe_candidate,D:\Projects\Personal Projects\Hairstyle Recommender Live Tryon\backend\data\processed\celeba_full_hair_assets\images\celeba_full_hair_000174.png,D:\Projects\Personal Projects\Hairstyle Recommender Live Tryon\backend\data\processed\celeba_full_hair_assets\masks\celeba_full_hair_000174_mask.png
celeba_full_hair_000177,val,male,high,1.0,1.0,1.0,0.22392,140,125,165,144,True,render_safe_candidate,D:\Projects\Personal Projects\Hairstyle Recommender Live Tryon\backend\data\processed\celeba_full_hair_assets\images\celeba_full_hair_000177.png,D:\Projects\Personal Projects\Hairstyle Recommender Live Tryon\backend\data\processed\celeba_full_hair_assets\masks\celeba_full_hair_000177_mask.png
celeba_full_hair_000179,test,female,high,1.0,1.0,1.0,0.187223,136,146,175,157,True,render_safe_candidate,D:\Projects\Personal Projects\Hairstyle Recommender Live Tryon\backend\data\processed\celeba_full_hair_assets\images\celeba_full_hair_000179.png,D:\Projects\Personal Projects\Hairstyle Recommender Live Tryon\backend\data\processed\celeba_full_hair_assets\masks\celeba_full_hair_000179_mask.png
celeba_full_hair_000181,test,male,high,1.0,1.0,1.0,0.239589,123,211,161,218,True,render_safe_candidate,D:\Projects\Personal Projects\Hairstyle Recommender Live Tryon\backend\data\processed\celeba_full_hair_assets\images\celeba_full_hair_000181.png,D:\Projects\Personal Projects\Hairstyle Recommender Live Tryon\backend\data\processed\celeba_full_hair_assets\masks\celeba_full_hair_000181_mask.png
celeba_full_hair_000184,test,female,high,1.0,1.0,1.0,0.299351,139,181,174,204,True,render_safe_candidate,D:\Projects\Personal Projects\Hairstyle Recommender Live Tryon\backend\data\processed\celeba_full_hair_assets\images\celeba_full_hair_000184.png,D:\Projects\Personal Projects\Hairstyle Recommender Live Tryon\backend\data\processed\celeba_full_hair_assets\masks\celeba_full_hair_000184_mask.png
celeba_full_hair_000185,test,female,high,1.0,1.0,1.0,0.202144,128,134,164,153,True,render_safe_candidate,D:\Projects\Personal Projects\Hairstyle Recommender Live Tryon\backend\data\processed\celeba_full_hair_assets\images\celeba_full_hair_000185.png,D:\Projects\Personal Projects\Hairstyle Recommender Live Tryon\backend\data\processed\celeba_full_hair_assets\masks\celeba_full_hair_000185_mask.png
celeba_full_hair_000186,test,female,high,1.0,1.0,1.0,0.234976,152,178,178,192,True,render_safe_candidate,D:\Projects\Personal Projects\Hairstyle Recommender Live Tryon\backend\data\processed\celeba_full_hair_assets\images\celeba_full_hair_000186.png,D:\Projects\Personal Projects\Hairstyle Recommender Live Tryon\backend\data\processed\celeba_full_hair_assets\masks\celeba_full_hair_000186_mask.png
celeba_full_hair_000187,test,male,high,1.0,1.0,1.0,0.410035,170,216,178,218,True,render_safe_candidate,D:\Projects\Personal Projects\Hairstyle Recommender Live Tryon\backend\data\processed\celeba_full_hair_assets\images\celeba_full_hair_000187.png,D:\Projects\Personal Projects\Hairstyle Recommender Live Tryon\backend\data\processed\celeba_full_hair_assets\masks\celeba_full_hair_000187_mask.png
celeba_full_hair_000188,test,male,high,1.0,1.0,1.0,0.225235,154,119,178,144,True,render_safe_candidate,D:\Projects\Personal Projects\Hairstyle Recommender Live Tryon\backend\data\processed\celeba_full_hair_assets\images\celeba_full_hair_000188.png,D:\Projects\Personal Projects\Hairstyle Recommender Live Tryon\backend\data\processed\celeba_full_hair_assets\masks\celeba_full_hair_000188_mask.png
celeba_full_hair_000189,test,female,high,1.0,1.0,1.0,0.334811,148,166,175,188,True,render_safe_candidate,D:\Projects\Personal Projects\Hairstyle Recommender Live Tryon\backend\data\processed\celeba_full_hair_assets\images\celeba_full_hair_000189.png,D:\Projects\Personal Projects\Hairstyle Recommender Live Tryon\backend\data\processed\celeba_full_hair_assets\masks\celeba_full_hair_000189_mask.png
celeba_full_hair_000192,test,female,high,1.0,1.0,1.0,0.266261,130,170,170,199,True,render_safe_candidate,D:\Projects\Personal Projects\Hairstyle Recommender Live Tryon\backend\data\processed\celeba_full_hair_assets\images\celeba_full_hair_000192.png,D:\Projects\Personal Projects\Hairstyle Recommender Live Tryon\backend\data\processed\celeba_full_hair_assets\masks\celeba_full_hair_000192_mask.png
celeba_full_hair_000193,test,female,high,1.0,1.0,1.0,0.339011,153,163,178,190,True,render_safe_candidate,D:\Projects\Personal Projects\Hairstyle Recommender Live Tryon\backend\data\processed\celeba_full_hair_assets\images\celeba_full_hair_000193.png,D:\Projects\Personal Projects\Hairstyle Recommender Live Tryon\backend\data\processed\celeba_full_hair_assets\masks\celeba_full_hair_000193_mask.png
celeba_full_hair_000194,test,female,high,1.0,1.0,1.0,0.381481,158,176,178,195,True,render_safe_candidate,D:\Projects\Personal Projects\Hairstyle Recommender Live Tryon\backend\data\processed\celeba_full_hair_assets\images\celeba_full_hair_000194.png,D:\Projects\Personal Projects\Hairstyle Recommender Live Tryon\backend\data\processed\celeba_full_hair_assets\masks\celeba_full_hair_000194_mask.png
celeba_full_hair_000195,test,female,high,1.0,1.0,1.0,0.24665,137,194,165,218,True,render_safe_candidate,D:\Projects\Personal Projects\Hairstyle Recommender Live Tryon\backend\data\processed\celeba_full_hair_assets\images\celeba_full_hair_000195.png,D:\Projects\Personal Projects\Hairstyle Recommender Live Tryon\backend\data\processed\celeba_full_hair_assets\masks\celeba_full_hair_000195_mask.png
celeba_full_hair_000196,test,female,high,1.0,1.0,1.0,0.310123,146,160,172,186,True,render_safe_candidate,D:\Projects\Personal Projects\Hairstyle Recommender Live Tryon\backend\data\processed\celeba_full_hair_assets\images\celeba_full_hair_000196.png,D:\Projects\Personal Projects\Hairstyle Recommender Live Tryon\backend\data\processed\celeba_full_hair_assets\masks\celeba_full_hair_000196_mask.png
celeba_full_hair_000197,test,male,high,1.0,1.0,1.0,0.240774,134,153,170,168,True,render_safe_candidate,D:\Projects\Personal Projects\Hairstyle Recommender Live Tryon\backend\data\processed\celeba_full_hair_assets\images\celeba_full_hair_000197.png,D:\Projects\Personal Projects\Hairstyle Recommender Live Tryon\backend\data\processed\celeba_full_hair_assets\masks\celeba_full_hair_000197_mask.png
celeba_full_hair_000198,test,female,high,1.0,1.0,1.0,0.271905,131,209,171,218,True,render_safe_candidate,D:\Projects\Personal Projects\Hairstyle Recommender Live Tryon\backend\data\processed\celeba_full_hair_assets\images\celeba_full_hair_000198.png,D:\Projects\Personal Projects\Hairstyle Recommender Live Tryon\backend\data\processed\celeba_full_hair_assets\masks\celeba_full_hair_000198_mask.png
celeba_full_hair_000199,test,male,high,1.0,1.0,1.0,0.187429,137,158,166,187,True,render_safe_candidate,D:\Projects\Personal Projects\Hairstyle Recommender Live Tryon\backend\data\processed\celeba_full_hair_assets\images\celeba_full_hair_000199.png,D:\Projects\Personal Projects\Hairstyle Recommender Live Tryon\backend\data\processed\celeba_full_hair_assets\masks\celeba_full_hair_000199_mask.png
celeba_full_hair_000200,test,female,high,1.0,1.0,1.0,0.308087,153,177,178,196,True,render_safe_candidate,D:\Projects\Personal Projects\Hairstyle Recommender Live Tryon\backend\data\processed\celeba_full_hair_assets\images\celeba_full_hair_000200.png,D:\Projects\Personal Projects\Hairstyle Recommender Live Tryon\backend\data\processed\celeba_full_hair_assets\masks\celeba_full_hair_000200_mask.png
celeba_full_hair_000201,test,male,high,1.0,1.0,1.0,0.2132,135,128,170,154,True,render_safe_candidate,D:\Projects\Personal Projects\Hairstyle Recommender Live Tryon\backend\data\processed\celeba_full_hair_assets\images\celeba_full_hair_000201.png,D:\Projects\Personal Projects\Hairstyle Recommender Live Tryon\backend\data\processed\celeba_full_hair_assets\masks\celeba_full_hair_000201_mask.png
celeba_full_hair_000202,test,female,high,1.0,1.0,1.0,0.232863,144,187,178,204,True,render_safe_candidate,D:\Projects\Personal Projects\Hairstyle Recommender Live Tryon\backend\data\processed\celeba_full_hair_assets\images\celeba_full_hair_000202.png,D:\Projects\Personal Projects\Hairstyle Recommender Live Tryon\backend\data\processed\celeba_full_hair_assets\masks\celeba_full_hair_000202_mask.png
celeba_full_hair_000203,test,female,high,1.0,1.0,1.0,0.317003,145,182,178,204,True,render_safe_candidate,D:\Projects\Personal Projects\Hairstyle Recommender Live Tryon\backend\data\processed\celeba_full_hair_assets\images\celeba_full_hair_000203.png,D:\Projects\Personal Projects\Hairstyle Recommender Live Tryon\backend\data\processed\celeba_full_hair_assets\masks\celeba_full_hair_000203_mask.png
celeba_full_hair_000204,test,female,high,1.0,1.0,1.0,0.263298,143,188,173,217,True,render_safe_candidate,D:\Projects\Personal Projects\Hairstyle Recommender Live Tryon\backend\data\processed\celeba_full_hair_assets\images\celeba_full_hair_000204.png,D:\Projects\Personal Projects\Hairstyle Recommender Live Tryon\backend\data\processed\celeba_full_hair_assets\masks\celeba_full_hair_000204_mask.png
celeba_full_hair_000205,test,male,high,1.0,1.0,1.0,0.296774,146,143,178,169,True,render_safe_candidate,D:\Projects\Personal Projects\Hairstyle Recommender Live Tryon\backend\data\processed\celeba_full_hair_assets\images\celeba_full_hair_000205.png,D:\Projects\Personal Projects\Hairstyle Recommender Live Tryon\backend\data\processed\celeba_full_hair_assets\masks\celeba_full_hair_000205_mask.png
celeba_full_hair_000206,test,male,high,1.0,1.0,1.0,0.270823,127,140,163,166,True,render_safe_candidate,D:\Projects\Personal Projects\Hairstyle Recommender Live Tryon\backend\data\processed\celeba_full_hair_assets\images\celeba_full_hair_000206.png,D:\Projects\Personal Projects\Hairstyle Recommender Live Tryon\backend\data\processed\celeba_full_hair_assets\masks\celeba_full_hair_000206_mask.png
celeba_full_hair_000207,test,female,high,1.0,1.0,1.0,0.236702,124,162,162,188,True,render_safe_candidate,D:\Projects\Personal Projects\Hairstyle Recommender Live Tryon\backend\data\processed\celeba_full_hair_assets\images\celeba_full_hair_000207.png,D:\Projects\Personal Projects\Hairstyle Recommender Live Tryon\backend\data\processed\celeba_full_hair_assets\masks\celeba_full_hair_000207_mask.png
celeba_full_hair_000208,test,male,high,1.0,1.0,1.0,0.235646,143,146,178,169,True,render_safe_candidate,D:\Projects\Personal Projects\Hairstyle Recommender Live Tryon\backend\data\processed\celeba_full_hair_assets\images\celeba_full_hair_000208.png,D:\Projects\Personal Projects\Hairstyle Recommender Live Tryon\backend\data\processed\celeba_full_hair_assets\masks\celeba_full_hair_000208_mask.png
celeba_full_hair_000209,test,male,high,1.0,1.0,1.0,0.286697,144,147,173,171,True,render_safe_candidate,D:\Projects\Personal Projects\Hairstyle Recommender Live Tryon\backend\data\processed\celeba_full_hair_assets\images\celeba_full_hair_000209.png,D:\Projects\Personal Projects\Hairstyle Recommender Live Tryon\backend\data\processed\celeba_full_hair_assets\masks\celeba_full_hair_000209_mask.png
celeba_full_hair_000001,train,female,high,1.0,1.0,0.92,0.214617,136,153,164,182,True,render_safe_candidate,D:\Projects\Personal Projects\Hairstyle Recommender Live Tryon\backend\data\processed\celeba_full_hair_assets\images\celeba_full_hair_000001.png,D:\Projects\Personal Projects\Hairstyle Recommender Live Tryon\backend\data\processed\celeba_full_hair_assets\masks\celeba_full_hair_000001_mask.png
celeba_full_hair_000019,train,female,high,1.0,1.0,0.92,0.273657,141,204,165,218,True,render_safe_candidate,D:\Projects\Personal Projects\Hairstyle Recommender Live Tryon\backend\data\processed\celeba_full_hair_assets\images\celeba_full_hair_000019.png,D:\Projects\Personal Projects\Hairstyle Recommender Live Tryon\backend\data\processed\celeba_full_hair_assets\masks\celeba_full_hair_000019_mask.png
celeba_full_hair_000033,train,male,high,1.0,1.0,0.92,0.23946,146,146,169,164,True,render_safe_candidate,D:\Projects\Personal Projects\Hairstyle Recommender Live Tryon\backend\data\processed\celeba_full_hair_assets\images\celeba_full_hair_000033.png,D:\Projects\Personal Projects\Hairstyle Recommender Live Tryon\backend\data\processed\celeba_full_hair_assets\masks\celeba_full_hair_000033_mask.png
celeba_full_hair_000036,train,male,high,1.0,1.0,0.92,0.171735,124,165,162,201,True,render_safe_candidate,D:\Projects\Personal Projects\Hairstyle Recommender Live Tryon\backend\data\processed\celeba_full_hair_assets\images\celeba_full_hair_000036.png,D:\Projects\Personal Projects\Hairstyle Recommender Live Tryon\backend\data\processed\celeba_full_hair_assets\masks\celeba_full_hair_000036_mask.png
celeba_full_hair_000043,train,female,high,1.0,1.0,0.92,0.302237,157,199,178,218,True,render_safe_candidate,D:\Projects\Personal Projects\Hairstyle Recommender Live Tryon\backend\data\processed\celeba_full_hair_assets\images\celeba_full_hair_000043.png,D:\Projects\Personal Projects\Hairstyle Recommender Live Tryon\backend\data\processed\celeba_full_hair_assets\masks\celeba_full_hair_000043_mask.png
celeba_full_hair_000046,train,male,high,1.0,1.0,0.92,0.174389,131,141,165,166,True,render_safe_candidate,D:\Projects\Personal Projects\Hairstyle Recommender Live Tryon\backend\data\processed\celeba_full_hair_assets\images\celeba_full_hair_000046.png,D:\Projects\Personal Projects\Hairstyle Recommender Live Tryon\backend\data\processed\celeba_full_hair_assets\masks\celeba_full_hair_000046_mask.png
celeba_full_hair_000054,train,male,high,1.0,1.0,0.92,0.268838,169,215,178,218,True,render_safe_candidate,D:\Projects\Personal Projects\Hairstyle Recommender Live Tryon\backend\data\processed\celeba_full_hair_assets\images\celeba_full_hair_000054.png,D:\Projects\Personal Projects\Hairstyle Recommender Live Tryon\backend\data\processed\celeba_full_hair_assets\masks\celeba_full_hair_000054_mask.png
celeba_full_hair_000067,train,female,high,1.0,1.0,0.92,0.353546,164,178,178,207,True,render_safe_candidate,D:\Projects\Personal Projects\Hairstyle Recommender Live Tryon\backend\data\processed\celeba_full_hair_assets\images\celeba_full_hair_000067.png,D:\Projects\Personal Projects\Hairstyle Recommender Live Tryon\backend\data\processed\celeba_full_hair_assets\masks\celeba_full_hair_000067_mask.png
celeba_full_hair_000073,train,male,high,1.0,1.0,0.92,0.226884,141,154,165,180,True,render_safe_candidate,D:\Projects\Personal Projects\Hairstyle Recommender Live Tryon\backend\data\processed\celeba_full_hair_assets\images\celeba_full_hair_000073.png,D:\Projects\Personal Projects\Hairstyle Recommender Live Tryon\backend\data\processed\celeba_full_hair_assets\masks\celeba_full_hair_000073_mask.png
celeba_full_hair_000080,train,male,high,1.0,1.0,0.92,0.24147,130,125,156,149,True,render_safe_candidate,D:\Projects\Personal Projects\Hairstyle Recommender Live Tryon\backend\data\processed\celeba_full_hair_assets\images\celeba_full_hair_000080.png,D:\Projects\Personal Projects\Hairstyle Recommender Live Tryon\backend\data\processed\celeba_full_hair_assets\masks\celeba_full_hair_000080_mask.png
celeba_full_hair_000087,train,male,high,1.0,1.0,0.92,0.229358,135,173,166,192,True,render_safe_candidate,D:\Projects\Personal Projects\Hairstyle Recommender Live Tryon\backend\data\processed\celeba_full_hair_assets\images\celeba_full_hair_000087.png,D:\Projects\Personal Projects\Hairstyle Recommender Live Tryon\backend\data\processed\celeba_full_hair_assets\masks\celeba_full_hair_000087_mask.png
celeba_full_hair_000098,train,female,high,1.0,1.0,0.92,0.241676,134,176,166,206,True,render_safe_candidate,D:\Projects\Personal Projects\Hairstyle Recommender Live Tryon\backend\data\processed\celeba_full_hair_assets\images\celeba_full_hair_000098.png,D:\Projects\Personal Projects\Hairstyle Recommender Live Tryon\backend\data\processed\celeba_full_hair_assets\masks\celeba_full_hair_000098_mask.png
celeba_full_hair_000107,train,female,high,1.0,1.0,0.92,0.273271,130,158,157,179,True,render_safe_candidate,D:\Projects\Personal Projects\Hairstyle Recommender Live Tryon\backend\data\processed\celeba_full_hair_assets\images\celeba_full_hair_000107.png,D:\Projects\Personal Projects\Hairstyle Recommender Live Tryon\backend\data\processed\celeba_full_hair_assets\masks\celeba_full_hair_000107_mask.png
celeba_full_hair_000108,train,male,high,1.0,1.0,0.92,0.208844,151,167,178,192,True,render_safe_candidate,D:\Projects\Personal Projects\Hairstyle Recommender Live Tryon\backend\data\processed\celeba_full_hair_assets\images\celeba_full_hair_000108.png,D:\Projects\Personal Projects\Hairstyle Recommender Live Tryon\backend\data\processed\celeba_full_hair_assets\masks\celeba_full_hair_000108_mask.png
celeba_full_hair_000117,train,male,high,1.0,1.0,0.92,0.197712,140,131,171,145,True,render_safe_candidate,D:\Projects\Personal Projects\Hairstyle Recommender Live Tryon\backend\data\processed\celeba_full_hair_assets\images\celeba_full_hair_000117.png,D:\Projects\Personal Projects\Hairstyle Recommender Live Tryon\backend\data\processed\celeba_full_hair_assets\masks\celeba_full_hair_000117_mask.png
celeba_full_hair_000118,train,male,high,1.0,1.0,0.92,0.224539,136,141,160,156,True,render_safe_candidate,D:\Projects\Personal Projects\Hairstyle Recommender Live Tryon\backend\data\processed\celeba_full_hair_assets\images\celeba_full_hair_000118.png,D:\Projects\Personal Projects\Hairstyle Recommender Live Tryon\backend\data\processed\celeba_full_hair_assets\masks\celeba_full_hair_000118_mask.png
celeba_full_hair_000131,train,female,high,1.0,1.0,0.92,0.183332,132,137,169,162,True,render_safe_candidate,D:\Projects\Personal Projects\Hairstyle Recommender Live Tryon\backend\data\processed\celeba_full_hair_assets\images\celeba_full_hair_000131.png,D:\Projects\Personal Projects\Hairstyle Recommender Live Tryon\backend\data\processed\celeba_full_hair_assets\masks\celeba_full_hair_000131_mask.png
celeba_full_hair_000132,train,male,high,1.0,1.0,0.92,0.240104,145,139,175,167,True,render_safe_candidate,D:\Projects\Personal Projects\Hairstyle Recommender Live Tryon\backend\data\processed\celeba_full_hair_assets\images\celeba_full_hair_000132.png,D:\Projects\Personal Projects\Hairstyle Recommender Live Tryon\backend\data\processed\celeba_full_hair_assets\masks\celeba_full_hair_000132_mask.png
celeba_full_hair_000147,train,male,high,1.0,1.0,0.92,0.193588,128,125,158,148,True,render_safe_candidate,D:\Projects\Personal Projects\Hairstyle Recommender Live Tryon\backend\data\processed\celeba_full_hair_assets\images\celeba_full_hair_000147.png,D:\Projects\Personal Projects\Hairstyle Recommender Live Tryon\backend\data\processed\celeba_full_hair_assets\masks\celeba_full_hair_000147_mask.png
celeba_full_hair_000161,val,male,high,1.0,1.0,0.92,0.201319,120,148,156,169,True,render_safe_candidate,D:\Projects\Personal Projects\Hairstyle Recommender Live Tryon\backend\data\processed\celeba_full_hair_assets\images\celeba_full_hair_000161.png,D:\Projects\Personal Projects\Hairstyle Recommender Live Tryon\backend\data\processed\celeba_full_hair_assets\masks\celeba_full_hair_000161_mask.png
celeba_full_hair_000162,val,female,high,1.0,1.0,0.92,0.193949,143,150,170,164,True,render_safe_candidate,D:\Projects\Personal Projects\Hairstyle Recommender Live Tryon\backend\data\processed\celeba_full_hair_assets\images\celeba_full_hair_000162.png,D:\Projects\Personal Projects\Hairstyle Recommender Live Tryon\backend\data\processed\celeba_full_hair_assets\masks\celeba_full_hair_000162_mask.png
celeba_full_hair_000163,val,male,high,1.0,1.0,0.92,0.190212,132,139,168,155,True,render_safe_candidate,D:\Projects\Personal Projects\Hairstyle Recommender Live Tryon\backend\data\processed\celeba_full_hair_assets\images\celeba_full_hair_000163.png,D:\Projects\Personal Projects\Hairstyle Recommender Live Tryon\backend\data\processed\celeba_full_hair_assets\masks\celeba_full_hair_000163_mask.png
celeba_full_hair_000165,val,male,high,1.0,1.0,0.92,0.257448,141,135,171,156,True,render_safe_candidate,D:\Projects\Personal Projects\Hairstyle Recommender Live Tryon\backend\data\processed\celeba_full_hair_assets\images\celeba_full_hair_000165.png,D:\Projects\Personal Projects\Hairstyle Recommender Live Tryon\backend\data\processed\celeba_full_hair_assets\masks\celeba_full_hair_000165_mask.png
celeba_full_hair_000168,val,female,high,1.0,1.0,0.92,0.373776,156,199,178,218,True,render_safe_candidate,D:\Projects\Personal Projects\Hairstyle Recommender Live Tryon\backend\data\processed\celeba_full_hair_assets\images\celeba_full_hair_000168.png,D:\Projects\Personal Projects\Hairstyle Recommender Live Tryon\backend\data\processed\celeba_full_hair_assets\masks\celeba_full_hair_000168_mask.png
celeba_full_hair_000178,val,female,high,1.0,1.0,0.92,0.298088,164,189,178,214,True,render_safe_candidate,D:\Projects\Personal Projects\Hairstyle Recommender Live Tryon\backend\data\processed\celeba_full_hair_assets\images\celeba_full_hair_000178.png,D:\Projects\Personal Projects\Hairstyle Recommender Live Tryon\backend\data\processed\celeba_full_hair_assets\masks\celeba_full_hair_000178_mask.png
celeba_full_hair_000016,train,male,high,1.0,1.0,0.84,0.3077,168,201,178,218,True,render_safe_candidate,D:\Projects\Personal Projects\Hairstyle Recommender Live Tryon\backend\data\processed\celeba_full_hair_assets\images\celeba_full_hair_000016.png,D:\Projects\Personal Projects\Hairstyle Recommender Live Tryon\backend\data\processed\celeba_full_hair_assets\masks\celeba_full_hair_000016_mask.png
