asset_id,image_path,mask_path,partition,gender_label,confidence_bucket,quality_score,full_hair_score,render_safe_score,render_keep,render_notes
celeba_full_hair_000001,backend/data/processed/celeba_full_hair_assets/images/celeba_full_hair_000001.png,backend/data/processed/celeba_full_hair_assets/masks/celeba_full_hair_000001_mask.png,train,female,high,1.0,1.0,0.92,yes,codex_visual_review
celeba_full_hair_000003,backend/data/processed/celeba_full_hair_assets/images/celeba_full_hair_000003.png,backend/data/processed/celeba_full_hair_assets/masks/celeba_full_hair_000003_mask.png,train,female,high,1.0,1.0,1.0,no,codex_visual_review
celeba_full_hair_000004,backend/data/processed/celeba_full_hair_assets/images/celeba_full_hair_000004.png,backend/data/processed/celeba_full_hair_assets/masks/celeba_full_hair_000004_mask.png,train,male,high,1.0,1.0,1.0,no,codex_visual_review
celeba_full_hair_000005,backend/data/processed/celeba_full_hair_assets/images/celeba_full_hair_000005.png,backend/data/processed/celeba_full_hair_assets/masks/celeba_full_hair_000005_mask.png,train,female,high,1.0,1.0,1.0,no,codex_visual_review
celeba_full_hair_000006,backend/data/processed/celeba_full_hair_assets/images/celeba_full_hair_000006.png,backend/data/processed/celeba_full_hair_assets/masks/celeba_full_hair_000006_mask.png,train,male,high,1.0,1.0,1.0,no,codex_visual_review
celeba_full_hair_000007,backend/data/processed/celeba_full_hair_assets/images/celeba_full_hair_000007.png,backend/data/processed/celeba_full_hair_assets/masks/celeba_full_hair_000007_mask.png,train,male,high,1.0,1.0,1.0,no,codex_visual_review
celeba_full_hair_000011,backend/data/processed/celeba_full_hair_assets/images/celeba_full_hair_000011.png,backend/data/processed/celeba_full_hair_assets/masks/celeba_full_hair_000011_mask.png,train,female,high,1.0,1.0,1.0,no,codex_visual_review
celeba_full_hair_000012,backend/data/processed/celeba_full_hair_assets/images/celeba_full_hair_000012.png,backend/data/processed/celeba_full_hair_assets/masks/celeba_full_hair_000012_mask.png,train,female,high,1.0,1.0,1.0,no,codex_visual_review
celeba_full_hair_000015,backend/data/processed/celeba_full_hair_assets/images/celeba_full_hair_000015.png,backend/data/processed/celeba_full_hair_assets/masks/celeba_full_hair_000015_mask.png,train,male,high,1.0,1.0,1.0,no,codex_visual_review
celeba_full_hair_000016,backend/data/processed/celeba_full_hair_assets/images/celeba_full_hair_000016.png,backend/data/processed/celeba_full_hair_assets/masks/celeba_full_hair_000016_mask.png,train,male,high,1.0,1.0,0.84,no,codex_visual_review
celeba_full_hair_000017,backend/data/processed/celeba_full_hair_assets/images/celeba_full_hair_000017.png,backend/data/processed/celeba_full_hair_assets/masks/celeba_full_hair_000017_mask.png,train,female,high,1.0,1.0,1.0,no,codex_visual_review
celeba_full_hair_000018,backend/data/processed/celeba_full_hair_assets/images/celeba_full_hair_000018.png,backend/data/processed/celeba_full_hair_assets/masks/celeba_full_hair_000018_mask.png,train,male,high,1.0,1.0,1.0,no,codex_visual_review
celeba_full_hair_000019,backend/data/processed/celeba_full_hair_assets/images/celeba_full_hair_000019.png,backend/data/processed/celeba_full_hair_assets/masks/celeba_full_hair_000019_mask.png,train,female,high,1.0,1.0,0.92,no,codex_visual_review
celeba_full_hair_000023,backend/data/processed/celeba_full_hair_assets/images/celeba_full_hair_000023.png,backend/data/processed/celeba_full_hair_assets/masks/celeba_full_hair_000023_mask.png,train,male,high,1.0,1.0,1.0,no,codex_visual_review
celeba_full_hair_000024,backend/data/processed/celeba_full_hair_assets/images/celeba_full_hair_000024.png,backend/data/processed/celeba_full_hair_assets/masks/celeba_full_hair_000024_mask.png,train,female,high,1.0,1.0,1.0,yes,codex_visual_review
celeba_full_hair_000025,backend/data/processed/celeba_full_hair_assets/images/celeba_full_hair_000025.png,backend/data/processed/celeba_full_hair_assets/masks/celeba_full_hair_000025_mask.png,train,male,high,1.0,1.0,1.0,no,codex_visual_review
celeba_full_hair_000026,backend/data/processed/celeba_full_hair_assets/images/celeba_full_hair_000026.png,backend/data/processed/celeba_full_hair_assets/masks/celeba_full_hair_000026_mask.png,train,female,high,1.0,1.0,1.0,yes,codex_visual_review
celeba_full_hair_000028,backend/data/processed/celeba_full_hair_assets/images/celeba_full_hair_000028.png,backend/data/processed/celeba_full_hair_assets/masks/celeba_full_hair_000028_mask.png,train,female,high,1.0,1.0,1.0,no,codex_visual_review
celeba_full_hair_000029,backend/data/processed/celeba_full_hair_assets/images/celeba_full_hair_000029.png,backend/data/processed/celeba_full_hair_assets/masks/celeba_full_hair_000029_mask.png,train,male,high,1.0,1.0,1.0,no,codex_visual_review
celeba_full_hair_000030,backend/data/processed/celeba_full_hair_assets/images/celeba_full_hair_000030.png,backend/data/processed/celeba_full_hair_assets/masks/celeba_full_hair_000030_mask.png,train,female,high,1.0,1.0,1.0,yes,codex_visual_review
celeba_full_hair_000033,backend/data/processed/celeba_full_hair_assets/images/celeba_full_hair_000033.png,backend/data/processed/celeba_full_hair_assets/masks/celeba_full_hair_000033_mask.png,train,male,high,1.0,1.0,0.92,no,codex_visual_review
celeba_full_hair_000034,backend/data/processed/celeba_full_hair_assets/images/celeba_full_hair_000034.png,backend/data/processed/celeba_full_hair_assets/masks/celeba_full_hair_000034_mask.png,train,female,high,1.0,1.0,1.0,no,codex_visual_review
celeba_full_hair_000035,backend/data/processed/celeba_full_hair_assets/images/celeba_full_hair_000035.png,backend/data/processed/celeba_full_hair_assets/masks/celeba_full_hair_000035_mask.png,train,male,high,1.0,1.0,1.0,no,codex_visual_review
celeba_full_hair_000036,backend/data/processed/celeba_full_hair_assets/images/celeba_full_hair_000036.png,backend/data/processed/celeba_full_hair_assets/masks/celeba_full_hair_000036_mask.png,train,male,high,1.0,1.0,0.92,no,codex_visual_review
celeba_full_hair_000037,backend/data/processed/celeba_full_hair_assets/images/celeba_full_hair_000037.png,backend/data/processed/celeba_full_hair_assets/masks/celeba_full_hair_000037_mask.png,train,male,high,1.0,1.0,1.0,no,codex_visual_review
celeba_full_hair_000038,backend/data/processed/celeba_full_hair_assets/images/celeba_full_hair_000038.png,backend/data/processed/celeba_full_hair_assets/masks/celeba_full_hair_000038_mask.png,train,male,high,1.0,1.0,1.0,yes,codex_visual_review
celeba_full_hair_000039,backend/data/processed/celeba_full_hair_assets/images/celeba_full_hair_000039.png,backend/data/processed/celeba_full_hair_assets/masks/celeba_full_hair_000039_mask.png,train,female,high,1.0,1.0,1.0,no,codex_visual_review
celeba_full_hair_000040,backend/data/processed/celeba_full_hair_assets/images/celeba_full_hair_000040.png,backend/data/processed/celeba_full_hair_assets/masks/celeba_full_hair_000040_mask.png,train,male,high,1.0,1.0,1.0,yes,codex_visual_review
celeba_full_hair_000041,backend/data/processed/celeba_full_hair_assets/images/celeba_full_hair_000041.png,backend/data/processed/celeba_full_hair_assets/masks/celeba_full_hair_000041_mask.png,train,female,high,1.0,1.0,1.0,no,codex_visual_review
celeba_full_hair_000042,backend/data/processed/celeba_full_hair_assets/images/celeba_full_hair_000042.png,backend/data/processed/celeba_full_hair_assets/masks/celeba_full_hair_000042_mask.png,train,male,high,1.0,1.0,1.0,no,codex_visual_review
celeba_full_hair_000043,backend/data/processed/celeba_full_hair_assets/images/celeba_full_hair_000043.png,backend/data/processed/celeba_full_hair_assets/masks/celeba_full_hair_000043_mask.png,train,female,high,1.0,1.0,0.92,no,codex_visual_review
celeba_full_hair_000046,backend/data/processed/celeba_full_hair_assets/images/celeba_full_hair_000046.png,backend/data/processed/celeba_full_hair_assets/masks/celeba_full_hair_000046_mask.png,train,male,high,1.0,1.0,0.92,no,codex_visual_review
celeba_full_hair_000048,backend/data/processed/celeba_full_hair_assets/images/celeba_full_hair_000048.png,backend/data/processed/celeba_full_hair_assets/masks/celeba_full_hair_000048_mask.png,train,male,high,1.0,1.0,1.0,no,codex_visual_review
celeba_full_hair_000049,backend/data/processed/celeba_full_hair_assets/images/celeba_full_hair_000049.png,backend/data/processed/celeba_full_hair_assets/masks/celeba_full_hair_000049_mask.png,train,female,high,1.0,1.0,1.0,no,codex_visual_review
celeba_full_hair_000051,backend/data/processed/celeba_full_hair_assets/images/celeba_full_hair_000051.png,backend/data/processed/celeba_full_hair_assets/masks/celeba_full_hair_000051_mask.png,train,female,high,1.0,1.0,1.0,yes,codex_visual_review
celeba_full_hair_000053,backend/data/processed/celeba_full_hair_assets/images/celeba_full_hair_000053.png,backend/data/processed/celeba_full_hair_assets/masks/celeba_full_hair_000053_mask.png,train,male,high,1.0,1.0,1.0,no,codex_visual_review
celeba_full_hair_000054,backend/data/processed/celeba_full_hair_assets/images/celeba_full_hair_000054.png,backend/data/processed/celeba_full_hair_assets/masks/celeba_full_hair_000054_mask.png,train,male,high,1.0,1.0,0.92,no,codex_visual_review
celeba_full_hair_000055,backend/data/processed/celeba_full_hair_assets/images/celeba_full_hair_000055.png,backend/data/processed/celeba_full_hair_assets/masks/celeba_full_hair_000055_mask.png,train,female,high,1.0,1.0,1.0,yes,codex_visual_review
celeba_full_hair_000056,backend/data/processed/celeba_full_hair_assets/images/celeba_full_hair_000056.png,backend/data/processed/celeba_full_hair_assets/masks/celeba_full_hair_000056_mask.png,train,female,high,1.0,1.0,1.0,no,codex_visual_review
celeba_full_hair_000059,backend/data/processed/celeba_full_hair_assets/images/celeba_full_hair_000059.png,backend/data/processed/celeba_full_hair_assets/masks/celeba_full_hair_000059_mask.png,train,female,high,1.0,1.0,1.0,yes,codex_visual_review
celeba_full_hair_000062,backend/data/processed/celeba_full_hair_assets/images/celeba_full_hair_000062.png,backend/data/processed/celeba_full_hair_assets/masks/celeba_full_hair_000062_mask.png,train,male,high,1.0,1.0,1.0,yes,codex_visual_review
celeba_full_hair_000064,backend/data/processed/celeba_full_hair_assets/images/celeba_full_hair_000064.png,backend/data/processed/celeba_full_hair_assets/masks/celeba_full_hair_000064_mask.png,train,male,high,1.0,1.0,1.0,yes,codex_visual_review
celeba_full_hair_000065,backend/data/processed/celeba_full_hair_assets/images/celeba_full_hair_000065.png,backend/data/processed/celeba_full_hair_assets/masks/celeba_full_hair_000065_mask.png,train,female,high,1.0,1.0,1.0,no,codex_visual_review
celeba_full_hair_000067,backend/data/processed/celeba_full_hair_assets/images/celeba_full_hair_000067.png,backend/data/processed/celeba_full_hair_assets/masks/celeba_full_hair_000067_mask.png,train,female,high,1.0,1.0,0.92,yes,codex_visual_review
celeba_full_hair_000068,backend/data/processed/celeba_full_hair_assets/images/celeba_full_hair_000068.png,backend/data/processed/celeba_full_hair_assets/masks/celeba_full_hair_000068_mask.png,train,male,high,1.0,1.0,1.0,yes,codex_visual_review
celeba_full_hair_000070,backend/data/processed/celeba_full_hair_assets/images/celeba_full_hair_000070.png,backend/data/processed/celeba_full_hair_assets/masks/celeba_full_hair_000070_mask.png,train,female,high,1.0,1.0,1.0,no,codex_visual_review
celeba_full_hair_000071,backend/data/processed/celeba_full_hair_assets/images/celeba_full_hair_000071.png,backend/data/processed/celeba_full_hair_assets/masks/celeba_full_hair_000071_mask.png,train,female,high,1.0,1.0,1.0,no,codex_visual_review
celeba_full_hair_000072,backend/data/processed/celeba_full_hair_assets/images/celeba_full_hair_000072.png,backend/data/processed/celeba_full_hair_assets/masks/celeba_full_hair_000072_mask.png,train,female,high,1.0,1.0,1.0,yes,codex_visual_review
celeba_full_hair_000073,backend/data/processed/celeba_full_hair_assets/images/celeba_full_hair_000073.png,backend/data/processed/celeba_full_hair_assets/masks/celeba_full_hair_000073_mask.png,train,male,high,1.0,1.0,0.92,yes,codex_visual_review
celeba_full_hair_000074,backend/data/processed/celeba_full_hair_assets/images/celeba_full_hair_000074.png,backend/data/processed/celeba_full_hair_assets/masks/celeba_full_hair_000074_mask.png,train,male,high,1.0,1.0,1.0,no,codex_visual_review
celeba_full_hair_000075,backend/data/processed/celeba_full_hair_assets/images/celeba_full_hair_000075.png,backend/data/processed/celeba_full_hair_assets/masks/celeba_full_hair_000075_mask.png,train,female,high,1.0,1.0,1.0,no,codex_visual_review
celeba_full_hair_000076,backend/data/processed/celeba_full_hair_assets/images/celeba_full_hair_000076.png,backend/data/processed/celeba_full_hair_assets/masks/celeba_full_hair_000076_mask.png,train,female,high,1.0,1.0,1.0,yes,codex_visual_review
celeba_full_hair_000077,backend/data/processed/celeba_full_hair_assets/images/celeba_full_hair_000077.png,backend/data/processed/celeba_full_hair_assets/masks/celeba_full_hair_000077_mask.png,train,male,high,1.0,1.0,1.0,yes,codex_visual_review
celeba_full_hair_000078,backend/data/processed/celeba_full_hair_assets/images/celeba_full_hair_000078.png,backend/data/processed/celeba_full_hair_assets/masks/celeba_full_hair_000078_mask.png,train,female,high,1.0,1.0,1.0,yes,codex_visual_review
celeba_full_hair_000079,backend/data/processed/celeba_full_hair_assets/images/celeba_full_hair_000079.png,backend/data/processed/celeba_full_hair_assets/masks/celeba_full_hair_000079_mask.png,train,female,high,1.0,1.0,1.0,yes,codex_visual_review
celeba_full_hair_000080,backend/data/processed/celeba_full_hair_assets/images/celeba_full_hair_000080.png,backend/data/processed/celeba_full_hair_assets/masks/celeba_full_hair_000080_mask.png,train,male,high,1.0,1.0,0.92,yes,codex_visual_review
celeba_full_hair_000081,backend/data/processed/celeba_full_hair_assets/images/celeba_full_hair_000081.png,backend/data/processed/celeba_full_hair_assets/masks/celeba_full_hair_000081_mask.png,train,female,high,1.0,1.0,1.0,yes,codex_visual_review
celeba_full_hair_000082,backend/data/processed/celeba_full_hair_assets/images/celeba_full_hair_000082.png,backend/data/processed/celeba_full_hair_assets/masks/celeba_full_hair_000082_mask.png,train,male,high,1.0,1.0,1.0,yes,codex_visual_review
celeba_full_hair_000084,backend/data/processed/celeba_full_hair_assets/images/celeba_full_hair_000084.png,backend/data/processed/celeba_full_hair_assets/masks/celeba_full_hair_000084_mask.png,train,male,high,1.0,1.0,1.0,yes,codex_visual_review
celeba_full_hair_000085,backend/data/processed/celeba_full_hair_assets/images/celeba_full_hair_000085.png,backend/data/processed/celeba_full_hair_assets/masks/celeba_full_hair_000085_mask.png,train,male,high,1.0,1.0,1.0,no,codex_visual_review
celeba_full_hair_000087,backend/data/processed/celeba_full_hair_assets/images/celeba_full_hair_000087.png,backend/data/processed/celeba_full_hair_assets/masks/celeba_full_hair_000087_mask.png,train,male,high,1.0,1.0,0.92,yes,codex_visual_review
celeba_full_hair_000088,backend/data/processed/celeba_full_hair_assets/images/celeba_full_hair_000088.png,backend/data/processed/celeba_full_hair_assets/masks/celeba_full_hair_000088_mask.png,train,male,high,1.0,1.0,1.0,yes,codex_visual_review
celeba_full_hair_000089,backend/data/processed/celeba_full_hair_assets/images/celeba_full_hair_000089.png,backend/data/processed/celeba_full_hair_assets/masks/celeba_full_hair_000089_mask.png,train,male,high,1.0,1.0,1.0,no,codex_visual_review
celeba_full_hair_000090,backend/data/processed/celeba_full_hair_assets/images/celeba_full_hair_000090.png,backend/data/processed/celeba_full_hair_assets/masks/celeba_full_hair_000090_mask.png,train,male,high,1.0,1.0,1.0,yes,codex_visual_review
celeba_full_hair_000091,backend/data/processed/celeba_full_hair_assets/images/celeba_full_hair_000091.png,backend/data/processed/celeba_full_hair_assets/masks/celeba_full_hair_000091_mask.png,train,female,high,1.0,1.0,1.0,yes,codex_visual_review
celeba_full_hair_000093,backend/data/processed/celeba_full_hair_assets/images/celeba_full_hair_000093.png,backend/data/processed/celeba_full_hair_assets/masks/celeba_full_hair_000093_mask.png,train,male,high,1.0,1.0,1.0,no,codex_visual_review
celeba_full_hair_000094,backend/data/processed/celeba_full_hair_assets/images/celeba_full_hair_000094.png,backend/data/processed/celeba_full_hair_assets/masks/celeba_full_hair_000094_mask.png,train,female,high,1.0,1.0,1.0,no,codex_visual_review
celeba_full_hair_000095,backend/data/processed/celeba_full_hair_assets/images/celeba_full_hair_000095.png,backend/data/processed/celeba_full_hair_assets/masks/celeba_full_hair_000095_mask.png,train,female,high,1.0,1.0,1.0,no,codex_visual_review
celeba_full_hair_000096,backend/data/processed/celeba_full_hair_assets/images/celeba_full_hair_000096.png,backend/data/processed/celeba_full_hair_assets/masks/celeba_full_hair_000096_mask.png,train,female,high,1.0,1.0,1.0,no,codex_visual_review
celeba_full_hair_000097,backend/data/processed/celeba_full_hair_assets/images/celeba_full_hair_000097.png,backend/data/processed/celeba_full_hair_assets/masks/celeba_full_hair_000097_mask.png,train,male,high,1.0,1.0,1.0,yes,codex_visual_review
celeba_full_hair_000098,backend/data/processed/celeba_full_hair_assets/images/celeba_full_hair_000098.png,backend/data/processed/celeba_full_hair_assets/masks/celeba_full_hair_000098_mask.png,train,female,high,1.0,1.0,0.92,yes,codex_visual_review
celeba_full_hair_000099,backend/data/processed/celeba_full_hair_assets/images/celeba_full_hair_000099.png,backend/data/processed/celeba_full_hair_assets/masks/celeba_full_hair_000099_mask.png,train,female,high,1.0,1.0,1.0,yes,codex_visual_review
celeba_full_hair_000100,backend/data/processed/celeba_full_hair_assets/images/celeba_full_hair_000100.png,backend/data/processed/celeba_full_hair_assets/masks/celeba_full_hair_000100_mask.png,train,female,high,1.0,1.0,1.0,yes,codex_visual_review
celeba_full_hair_000101,backend/data/processed/celeba_full_hair_assets/images/celeba_full_hair_000101.png,backend/data/processed/celeba_full_hair_assets/masks/celeba_full_hair_000101_mask.png,train,female,high,1.0,1.0,1.0,no,codex_visual_review
celeba_full_hair_000102,backend/data/processed/celeba_full_hair_assets/images/celeba_full_hair_000102.png,backend/data/processed/celeba_full_hair_assets/masks/celeba_full_hair_000102_mask.png,train,male,high,1.0,1.0,1.0,no,codex_visual_review
celeba_full_hair_000103,backend/data/processed/celeba_full_hair_assets/images/celeba_full_hair_000103.png,backend/data/processed/celeba_full_hair_assets/masks/celeba_full_hair_000103_mask.png,train,female,high,1.0,1.0,1.0,no,codex_visual_review
celeba_full_hair_000104,backend/data/processed/celeba_full_hair_assets/images/celeba_full_hair_000104.png,backend/data/processed/celeba_full_hair_assets/masks/celeba_full_hair_000104_mask.png,train,female,high,1.0,1.0,1.0,yes,codex_visual_review
celeba_full_hair_000105,backend/data/processed/celeba_full_hair_assets/images/celeba_full_hair_000105.png,backend/data/processed/celeba_full_hair_assets/masks/celeba_full_hair_000105_mask.png,train,female,high,1.0,1.0,1.0,yes,codex_visual_review
celeba_full_hair_000107,backend/data/processed/celeba_full_hair_assets/images/celeba_full_hair_000107.png,backend/data/processed/celeba_full_hair_assets/masks/celeba_full_hair_000107_mask.png,train,female,high,1.0,1.0,0.92,no,codex_visual_review
celeba_full_hair_000108,backend/data/processed/celeba_full_hair_assets/images/celeba_full_hair_000108.png,backend/data/processed/celeba_full_hair_assets/masks/celeba_full_hair_000108_mask.png,train,male,high,1.0,1.0,0.92,yes,codex_visual_review
celeba_full_hair_000109,backend/data/processed/celeba_full_hair_assets/images/celeba_full_hair_000109.png,backend/data/processed/celeba_full_hair_assets/masks/celeba_full_hair_000109_mask.png,train,female,high,1.0,1.0,1.0,yes,codex_visual_review
celeba_full_hair_000110,backend/data/processed/celeba_full_hair_assets/images/celeba_full_hair_000110.png,backend/data/processed/celeba_full_hair_assets/masks/celeba_full_hair_000110_mask.png,train,male,high,1.0,1.0,1.0,yes,codex_visual_review
celeba_full_hair_000111,backend/data/processed/celeba_full_hair_assets/images/celeba_full_hair_000111.png,backend/data/processed/celeba_full_hair_assets/masks/celeba_full_hair_000111_mask.png,train,male,high,1.0,1.0,1.0,yes,codex_visual_review
celeba_full_hair_000112,backend/data/processed/celeba_full_hair_assets/images/celeba_full_hair_000112.png,backend/data/processed/celeba_full_hair_assets/masks/celeba_full_hair_000112_mask.png,train,male,high,1.0,1.0,1.0,no,codex_visual_review
celeba_full_hair_000114,backend/data/processed/celeba_full_hair_assets/images/celeba_full_hair_000114.png,backend/data/processed/celeba_full_hair_assets/masks/celeba_full_hair_000114_mask.png,train,male,high,1.0,1.0,1.0,yes,codex_visual_review
celeba_full_hair_000115,backend/data/processed/celeba_full_hair_assets/images/celeba_full_hair_000115.png,backend/data/processed/celeba_full_hair_assets/masks/celeba_full_hair_000115_mask.png,train,male,high,1.0,1.0,1.0,yes,codex_visual_review
celeba_full_hair_000117,backend/data/processed/celeba_full_hair_assets/images/celeba_full_hair_000117.png,backend/data/processed/celeba_full_hair_assets/masks/celeba_full_hair_000117_mask.png,train,male,high,1.0,1.0,0.92,no,codex_visual_review
celeba_full_hair_000118,backend/data/processed/celeba_full_hair_assets/images/celeba_full_hair_000118.png,backend/data/processed/celeba_full_hair_assets/masks/celeba_full_hair_000118_mask.png,train,male,high,1.0,1.0,0.92,yes,codex_visual_review
celeba_full_hair_000120,backend/data/processed/celeba_full_hair_assets/images/celeba_full_hair_000120.png,backend/data/processed/celeba_full_hair_assets/masks/celeba_full_hair_000120_mask.png,train,male,high,1.0,1.0,1.0,yes,codex_visual_review
celeba_full_hair_000123,backend/data/processed/celeba_full_hair_assets/images/celeba_full_hair_000123.png,backend/data/processed/celeba_full_hair_assets/masks/celeba_full_hair_000123_mask.png,train,male,high,1.0,1.0,1.0,no,codex_visual_review
celeba_full_hair_000124,backend/data/processed/celeba_full_hair_assets/images/celeba_full_hair_000124.png,backend/data/processed/celeba_full_hair_assets/masks/celeba_full_hair_000124_mask.png,train,male,high,1.0,1.0,1.0,yes,codex_visual_review
celeba_full_hair_000125,backend/data/processed/celeba_full_hair_assets/images/celeba_full_hair_000125.png,backend/data/processed/celeba_full_hair_assets/masks/celeba_full_hair_000125_mask.png,train,female,high,1.0,1.0,1.0,yes,codex_visual_review
celeba_full_hair_000126,backend/data/processed/celeba_full_hair_assets/images/celeba_full_hair_000126.png,backend/data/processed/celeba_full_hair_assets/masks/celeba_full_hair_000126_mask.png,train,male,high,1.0,1.0,1.0,yes,codex_visual_review
celeba_full_hair_000127,backend/data/processed/celeba_full_hair_assets/images/celeba_full_hair_000127.png,backend/data/processed/celeba_full_hair_assets/masks/celeba_full_hair_000127_mask.png,train,male,high,1.0,1.0,1.0,yes,codex_visual_review
celeba_full_hair_000128,backend/data/processed/celeba_full_hair_assets/images/celeba_full_hair_000128.png,backend/data/processed/celeba_full_hair_assets/masks/celeba_full_hair_000128_mask.png,train,female,high,1.0,1.0,1.0,yes,codex_visual_review
celeba_full_hair_000130,backend/data/processed/celeba_full_hair_assets/images/celeba_full_hair_000130.png,backend/data/processed/celeba_full_hair_assets/masks/celeba_full_hair_000130_mask.png,train,female,high,1.0,1.0,1.0,yes,codex_visual_review
celeba_full_hair_000131,backend/data/processed/celeba_full_hair_assets/images/celeba_full_hair_000131.png,backend/data/processed/celeba_full_hair_assets/masks/celeba_full_hair_000131_mask.png,train,female,high,1.0,1.0,0.92,yes,codex_visual_review
celeba_full_hair_000132,backend/data/processed/celeba_full_hair_assets/images/celeba_full_hair_000132.png,backend/data/processed/celeba_full_hair_assets/masks/celeba_full_hair_000132_mask.png,train,male,high,1.0,1.0,0.92,yes,codex_visual_review
celeba_full_hair_000135,backend/data/processed/celeba_full_hair_assets/images/celeba_full_hair_000135.png,backend/data/processed/celeba_full_hair_assets/masks/celeba_full_hair_000135_mask.png,train,female,high,1.0,1.0,1.0,yes,codex_visual_review
celeba_full_hair_000136,backend/data/processed/celeba_full_hair_assets/images/celeba_full_hair_000136.png,backend/data/processed/celeba_full_hair_assets/masks/celeba_full_hair_000136_mask.png,train,female,high,1.0,1.0,1.0,yes,codex_visual_review
celeba_full_hair_000137,backend/data/processed/celeba_full_hair_assets/images/celeba_full_hair_000137.png,backend/data/processed/celeba_full_hair_assets/masks/celeba_full_hair_000137_mask.png,train,male,high,1.0,1.0,1.0,no,codex_visual_review
celeba_full_hair_000139,backend/data/processed/celeba_full_hair_assets/images/celeba_full_hair_000139.png,backend/data/processed/celeba_full_hair_assets/masks/celeba_full_hair_000139_mask.png,train,female,high,1.0,1.0,1.0,yes,codex_visual_review
celeba_full_hair_000140,backend/data/processed/celeba_full_hair_assets/images/celeba_full_hair_000140.png,backend/data/processed/celeba_full_hair_assets/masks/celeba_full_hair_000140_mask.png,train,female,high,1.0,1.0,1.0,yes,codex_visual_review
celeba_full_hair_000141,backend/data/processed/celeba_full_hair_assets/images/celeba_full_hair_000141.png,backend/data/processed/celeba_full_hair_assets/masks/celeba_full_hair_000141_mask.png,train,male,high,1.0,1.0,1.0,yes,codex_visual_review
celeba_full_hair_000142,backend/data/processed/celeba_full_hair_assets/images/celeba_full_hair_000142.png,backend/data/processed/celeba_full_hair_assets/masks/celeba_full_hair_000142_mask.png,train,female,high,1.0,1.0,1.0,yes,codex_visual_review
celeba_full_hair_000144,backend/data/processed/celeba_full_hair_assets/images/celeba_full_hair_000144.png,backend/data/processed/celeba_full_hair_assets/masks/celeba_full_hair_000144_mask.png,train,male,high,1.0,1.0,1.0,yes,codex_visual_review
celeba_full_hair_000145,backend/data/processed/celeba_full_hair_assets/images/celeba_full_hair_000145.png,backend/data/processed/celeba_full_hair_assets/masks/celeba_full_hair_000145_mask.png,train,female,high,1.0,1.0,1.0,no,codex_visual_review
celeba_full_hair_000146,backend/data/processed/celeba_full_hair_assets/images/celeba_full_hair_000146.png,backend/data/processed/celeba_full_hair_assets/masks/celeba_full_hair_000146_mask.png,train,male,high,1.0,1.0,1.0,no,codex_visual_review
celeba_full_hair_000147,backend/data/processed/celeba_full_hair_assets/images/celeba_full_hair_000147.png,backend/data/processed/celeba_full_hair_assets/masks/celeba_full_hair_000147_mask.png,train,male,high,1.0,1.0,0.92,yes,codex_visual_review
celeba_full_hair_000148,backend/data/processed/celeba_full_hair_assets/images/celeba_full_hair_000148.png,backend/data/processed/celeba_full_hair_assets/masks/celeba_full_hair_000148_mask.png,train,male,high,1.0,1.0,1.0,no,codex_visual_review
celeba_full_hair_000149,backend/data/processed/celeba_full_hair_assets/images/celeba_full_hair_000149.png,backend/data/processed/celeba_full_hair_assets/masks/celeba_full_hair_000149_mask.png,val,male,high,1.0,1.0,1.0,no,codex_visual_review
celeba_full_hair_000151,backend/data/processed/celeba_full_hair_assets/images/celeba_full_hair_000151.png,backend/data/processed/celeba_full_hair_assets/masks/celeba_full_hair_000151_mask.png,val,male,high,1.0,1.0,1.0,no,codex_visual_review
celeba_full_hair_000153,backend/data/processed/celeba_full_hair_assets/images/celeba_full_hair_000153.png,backend/data/processed/celeba_full_hair_assets/masks/celeba_full_hair_000153_mask.png,val,female,high,1.0,1.0,1.0,yes,codex_visual_review
celeba_full_hair_000154,backend/data/processed/celeba_full_hair_assets/images/celeba_full_hair_000154.png,backend/data/processed/celeba_full_hair_assets/masks/celeba_full_hair_000154_mask.png,val,female,high,1.0,1.0,1.0,no,codex_visual_review
celeba_full_hair_000157,backend/data/processed/celeba_full_hair_assets/images/celeba_full_hair_000157.png,backend/data/processed/celeba_full_hair_assets/masks/celeba_full_hair_000157_mask.png,val,female,high,1.0,1.0,1.0,yes,codex_visual_review
celeba_full_hair_000158,backend/data/processed/celeba_full_hair_assets/images/celeba_full_hair_000158.png,backend/data/processed/celeba_full_hair_assets/masks/celeba_full_hair_000158_mask.png,val,male,high,1.0,1.0,1.0,yes,codex_visual_review
celeba_full_hair_000159,backend/data/processed/celeba_full_hair_assets/images/celeba_full_hair_000159.png,backend/data/processed/celeba_full_hair_assets/masks/celeba_full_hair_000159_mask.png,val,female,high,1.0,1.0,1.0,yes,codex_visual_review
celeba_full_hair_000160,backend/data/processed/celeba_full_hair_assets/images/celeba_full_hair_000160.png,backend/data/processed/celeba_full_hair_assets/masks/celeba_full_hair_000160_mask.png,val,female,high,1.0,1.0,1.0,no,codex_visual_review
celeba_full_hair_000161,backend/data/processed/celeba_full_hair_assets/images/celeba_full_hair_000161.png,backend/data/processed/celeba_full_hair_assets/masks/celeba_full_hair_000161_mask.png,val,male,high,1.0,1.0,0.92,yes,codex_visual_review
celeba_full_hair_000162,backend/data/processed/celeba_full_hair_assets/images/celeba_full_hair_000162.png,backend/data/processed/celeba_full_hair_assets/masks/celeba_full_hair_000162_mask.png,val,female,high,1.0,1.0,0.92,no,codex_visual_review
celeba_full_hair_000163,backend/data/processed/celeba_full_hair_assets/images/celeba_full_hair_000163.png,backend/data/processed/celeba_full_hair_assets/masks/celeba_full_hair_000163_mask.png,val,male,high,1.0,1.0,0.92,no,codex_visual_review
celeba_full_hair_000164,backend/data/processed/celeba_full_hair_assets/images/celeba_full_hair_000164.png,backend/data/processed/celeba_full_hair_assets/masks/celeba_full_hair_000164_mask.png,val,female,high,1.0,1.0,1.0,yes,codex_visual_review
celeba_full_hair_000165,backend/data/processed/celeba_full_hair_assets/images/celeba_full_hair_000165.png,backend/data/processed/celeba_full_hair_assets/masks/celeba_full_hair_000165_mask.png,val,male,high,1.0,1.0,0.92,yes,codex_visual_review
celeba_full_hair_000167,backend/data/processed/celeba_full_hair_assets/images/celeba_full_hair_000167.png,backend/data/processed/celeba_full_hair_assets/masks/celeba_full_hair_000167_mask.png,val,female,high,1.0,1.0,1.0,no,codex_visual_review
celeba_full_hair_000168,backend/data/processed/celeba_full_hair_assets/images/celeba_full_hair_000168.png,backend/data/processed/celeba_full_hair_assets/masks/celeba_full_hair_000168_mask.png,val,female,high,1.0,1.0,0.92,no,codex_visual_review
celeba_full_hair_000171,backend/data/processed/celeba_full_hair_assets/images/celeba_full_hair_000171.png,backend/data/processed/celeba_full_hair_assets/masks/celeba_full_hair_000171_mask.png,val,male,high,1.0,1.0,1.0,yes,codex_visual_review
celeba_full_hair_000172,backend/data/processed/celeba_full_hair_assets/images/celeba_full_hair_000172.png,backend/data/processed/celeba_full_hair_assets/masks/celeba_full_hair_000172_mask.png,val,female,high,1.0,1.0,1.0,yes,codex_visual_review
celeba_full_hair_000173,backend/data/processed/celeba_full_hair_assets/images/celeba_full_hair_000173.png,backend/data/processed/celeba_full_hair_assets/masks/celeba_full_hair_000173_mask.png,val,female,high,1.0,1.0,1.0,yes,codex_visual_review
celeba_full_hair_000174,backend/data/processed/celeba_full_hair_assets/images/celeba_full_hair_000174.png,backend/data/processed/celeba_full_hair_assets/masks/celeba_full_hair_000174_mask.png,val,male,high,1.0,1.0,1.0,no,codex_visual_review
celeba_full_hair_000177,backend/data/processed/celeba_full_hair_assets/images/celeba_full_hair_000177.png,backend/data/processed/celeba_full_hair_assets/masks/celeba_full_hair_000177_mask.png,val,male,high,1.0,1.0,1.0,yes,codex_visual_review
celeba_full_hair_000178,backend/data/processed/celeba_full_hair_assets/images/celeba_full_hair_000178.png,backend/data/processed/celeba_full_hair_assets/masks/celeba_full_hair_000178_mask.png,val,female,high,1.0,1.0,0.92,yes,codex_visual_review
celeba_full_hair_000179,backend/data/processed/celeba_full_hair_assets/images/celeba_full_hair_000179.png,backend/data/processed/celeba_full_hair_assets/masks/celeba_full_hair_000179_mask.png,test,female,high,1.0,1.0,1.0,no,codex_visual_review
celeba_full_hair_000181,backend/data/processed/celeba_full_hair_assets/images/celeba_full_hair_000181.png,backend/data/processed/celeba_full_hair_assets/masks/celeba_full_hair_000181_mask.png,test,male,high,1.0,1.0,1.0,no,codex_visual_review
celeba_full_hair_000184,backend/data/processed/celeba_full_hair_assets/images/celeba_full_hair_000184.png,backend/data/processed/celeba_full_hair_assets/masks/celeba_full_hair_000184_mask.png,test,female,high,1.0,1.0,1.0,yes,codex_visual_review
celeba_full_hair_000185,backend/data/processed/celeba_full_hair_assets/images/celeba_full_hair_000185.png,backend/data/processed/celeba_full_hair_assets/masks/celeba_full_hair_000185_mask.png,test,female,high,1.0,1.0,1.0,no,codex_visual_review
celeba_full_hair_000186,backend/data/processed/celeba_full_hair_assets/images/celeba_full_hair_000186.png,backend/data/processed/celeba_full_hair_assets/masks/celeba_full_hair_000186_mask.png,test,female,high,1.0,1.0,1.0,no,codex_visual_review
celeba_full_hair_000187,backend/data/processed/celeba_full_hair_assets/images/celeba_full_hair_000187.png,backend/data/processed/celeba_full_hair_assets/masks/celeba_full_hair_000187_mask.png,test,male,high,1.0,1.0,1.0,no,codex_visual_review
celeba_full_hair_000188,backend/data/processed/celeba_full_hair_assets/images/celeba_full_hair_000188.png,backend/data/processed/celeba_full_hair_assets/masks/celeba_full_hair_000188_mask.png,test,male,high,1.0,1.0,1.0,no,codex_visual_review
celeba_full_hair_000189,backend/data/processed/celeba_full_hair_assets/images/celeba_full_hair_000189.png,backend/data/processed/celeba_full_hair_assets/masks/celeba_full_hair_000189_mask.png,test,female,high,1.0,1.0,1.0,yes,codex_visual_review
celeba_full_hair_000192,backend/data/processed/celeba_full_hair_assets/images/celeba_full_hair_000192.png,backend/data/processed/celeba_full_hair_assets/masks/celeba_full_hair_000192_mask.png,test,female,high,1.0,1.0,1.0,yes,codex_visual_review
celeba_full_hair_000193,backend/data/processed/celeba_full_hair_assets/images/celeba_full_hair_000193.png,backend/data/processed/celeba_full_hair_assets/masks/celeba_full_hair_000193_mask.png,test,female,high,1.0,1.0,1.0,no,codex_visual_review
celeba_full_hair_000194,backend/data/processed/celeba_full_hair_assets/images/celeba_full_hair_000194.png,backend/data/processed/celeba_full_hair_assets/masks/celeba_full_hair_000194_mask.png,test,female,high,1.0,1.0,1.0,no,codex_visual_review
celeba_full_hair_000195,backend/data/processed/celeba_full_hair_assets/images/celeba_full_hair_000195.png,backend/data/processed/celeba_full_hair_assets/masks/celeba_full_hair_000195_mask.png,test,female,high,1.0,1.0,1.0,yes,codex_visual_review
celeba_full_hair_000196,backend/data/processed/celeba_full_hair_assets/images/celeba_full_hair_000196.png,backend/data/processed/celeba_full_hair_assets/masks/celeba_full_hair_000196_mask.png,test,female,high,1.0,1.0,1.0,yes,codex_visual_review
celeba_full_hair_000197,backend/data/processed/celeba_full_hair_assets/images/celeba_full_hair_000197.png,backend/data/processed/celeba_full_hair_assets/masks/celeba_full_hair_000197_mask.png,test,male,high,1.0,1.0,1.0,no,codex_visual_review
celeba_full_hair_000198,backend/data/processed/celeba_full_hair_assets/images/celeba_full_hair_000198.png,backend/data/processed/celeba_full_hair_assets/masks/celeba_full_hair_000198_mask.png,test,female,high,1.0,1.0,1.0,no,codex_visual_review
celeba_full_hair_000199,backend/data/processed/celeba_full_hair_assets/images/celeba_full_hair_000199.png,backend/data/processed/celeba_full_hair_assets/masks/celeba_full_hair_000199_mask.png,test,male,high,1.0,1.0,1.0,yes,codex_visual_review
celeba_full_hair_000200,backend/data/processed/celeba_full_hair_assets/images/celeba_full_hair_000200.png,backend/data/processed/celeba_full_hair_assets/masks/celeba_full_hair_000200_mask.png,test,female,high,1.0,1.0,1.0,no,codex_visual_review
celeba_full_hair_000201,backend/data/processed/celeba_full_hair_assets/images/celeba_full_hair_000201.png,backend/data/processed/celeba_full_hair_assets/masks/celeba_full_hair_000201_mask.png,test,male,high,1.0,1.0,1.0,yes,codex_visual_review
celeba_full_hair_000202,backend/data/processed/celeba_full_hair_assets/images/celeba_full_hair_000202.png,backend/data/processed/celeba_full_hair_assets/masks/celeba_full_hair_000202_mask.png,test,female,high,1.0,1.0,1.0,yes,codex_visual_review
celeba_full_hair_000203,backend/data/processed/celeba_full_hair_assets/images/celeba_full_hair_000203.png,backend/data/processed/celeba_full_hair_assets/masks/celeba_full_hair_000203_mask.png,test,female,high,1.0,1.0,1.0,yes,codex_visual_review
celeba_full_hair_000204,backend/data/processed/celeba_full_hair_assets/images/celeba_full_hair_000204.png,backend/data/processed/celeba_full_hair_assets/masks/celeba_full_hair_000204_mask.png,test,female,high,1.0,1.0,1.0,yes,codex_visual_review
celeba_full_hair_000205,backend/data/processed/celeba_full_hair_assets/images/celeba_full_hair_000205.png,backend/data/processed/celeba_full_hair_assets/masks/celeba_full_hair_000205_mask.png,test,male,high,1.0,1.0,1.0,yes,codex_visual_review
celeba_full_hair_000206,backend/data/processed/celeba_full_hair_assets/images/celeba_full_hair_000206.png,backend/data/processed/celeba_full_hair_assets/masks/celeba_full_hair_000206_mask.png,test,male,high,1.0,1.0,1.0,yes,codex_visual_review
celeba_full_hair_000207,backend/data/processed/celeba_full_hair_assets/images/celeba_full_hair_000207.png,backend/data/processed/celeba_full_hair_assets/masks/celeba_full_hair_000207_mask.png,test,female,high,1.0,1.0,1.0,no,codex_visual_review
celeba_full_hair_000208,backend/data/processed/celeba_full_hair_assets/images/celeba_full_hair_000208.png,backend/data/processed/celeba_full_hair_assets/masks/celeba_full_hair_000208_mask.png,test,male,high,1.0,1.0,1.0,yes,codex_visual_review
celeba_full_hair_000209,backend/data/processed/celeba_full_hair_assets/images/celeba_full_hair_000209.png,backend/data/processed/celeba_full_hair_assets/masks/celeba_full_hair_000209_mask.png,test,male,high,1.0,1.0,1.0,yes,codex_visual_review
