asset_id,image_path,gender_label,confidence_bucket,pred_length,pred_length_confidence,pred_curl,pred_curl_confidence
celeba_hair_000001,D:\Projects\Personal Projects\Hairstyle Recommender Live Tryon\backend\data\processed\celeba_hair_rich_assets\images\celeba_hair_000001.png,female,high,short,0.7883212566375732,straight,0.698000431060791
celeba_hair_000002,D:\Projects\Personal Projects\Hairstyle Recommender Live Tryon\backend\data\processed\celeba_hair_rich_assets\images\celeba_hair_000002.png,female,high,short,0.6502442955970764,straight,0.7360302805900574
celeba_hair_000003,D:\Projects\Personal Projects\Hairstyle Recommender Live Tryon\backend\data\processed\celeba_hair_rich_assets\images\celeba_hair_000003.png,male,medium,short,0.6875388622283936,straight,0.6836701035499573
celeba_hair_000004,D:\Projects\Personal Projects\Hairstyle Recommender Live Tryon\backend\data\processed\celeba_hair_rich_assets\images\celeba_hair_000004.png,male,medium,short,0.467601478099823,straight,0.5124964118003845
celeba_hair_000005,D:\Projects\Personal Projects\Hairstyle Recommender Live Tryon\backend\data\processed\celeba_hair_rich_assets\images\celeba_hair_000005.png,female,high,short,0.47513696551322937,straight,0.49153250455856323
celeba_hair_000006,D:\Projects\Personal Projects\Hairstyle Recommender Live Tryon\backend\data\processed\celeba_hair_rich_assets\images\celeba_hair_000006.png,male,medium,short,0.548526406288147,straight,0.5024651288986206
celeba_hair_000007,D:\Projects\Personal Projects\Hairstyle Recommender Live Tryon\backend\data\processed\celeba_hair_rich_assets\images\celeba_hair_000007.png,male,medium,short,0.8117738366127014,straight,0.7386981844902039
celeba_hair_000008,D:\Projects\Personal Projects\Hairstyle Recommender Live Tryon\backend\data\processed\celeba_hair_rich_assets\images\celeba_hair_000008.png,female,high,short,0.8407255411148071,straight,0.7746553421020508
celeba_hair_000009,D:\Projects\Personal Projects\Hairstyle Recommender Live Tryon\backend\data\processed\celeba_hair_rich_assets\images\celeba_hair_000009.png,male,medium,short,0.7041755318641663,straight,0.6403007507324219
celeba_hair_000010,D:\Projects\Personal Projects\Hairstyle Recommender Live Tryon\backend\data\processed\celeba_hair_rich_assets\images\celeba_hair_000010.png,male,medium,short,0.49576738476753235,wavy,0.5488843321800232
celeba_hair_000011,D:\Projects\Personal Projects\Hairstyle Recommender Live Tryon\backend\data\processed\celeba_hair_rich_assets\images\celeba_hair_000011.png,female,high,short,0.7827983498573303,straight,0.7179370522499084
celeba_hair_000012,D:\Projects\Personal Projects\Hairstyle Recommender Live Tryon\backend\data\processed\celeba_hair_rich_assets\images\celeba_hair_000012.png,female,high,short,0.5971485376358032,straight,0.7512605786323547
celeba_hair_000013,D:\Projects\Personal Projects\Hairstyle Recommender Live Tryon\backend\data\processed\celeba_hair_rich_assets\images\celeba_hair_000013.png,male,medium,short,0.517351508140564,wavy,0.5107367038726807
celeba_hair_000014,D:\Projects\Personal Projects\Hairstyle Recommender Live Tryon\backend\data\processed\celeba_hair_rich_assets\images\celeba_hair_000014.png,female,high,short,0.7247695922851562,straight,0.5655620694160461
celeba_hair_000015,D:\Projects\Personal Projects\Hairstyle Recommender Live Tryon\backend\data\processed\celeba_hair_rich_assets\images\celeba_hair_000015.png,male,medium,short,0.7735300064086914,straight,0.6532957553863525
celeba_hair_000016,D:\Projects\Personal Projects\Hairstyle Recommender Live Tryon\backend\data\processed\celeba_hair_rich_assets\images\celeba_hair_000016.png,female,high,short,0.9408116936683655,straight,0.8745546936988831
celeba_hair_000017,D:\Projects\Personal Projects\Hairstyle Recommender Live Tryon\backend\data\processed\celeba_hair_rich_assets\images\celeba_hair_000017.png,male,medium,short,0.7035827040672302,straight,0.715002179145813
celeba_hair_000018,D:\Projects\Personal Projects\Hairstyle Recommender Live Tryon\backend\data\processed\celeba_hair_rich_assets\images\celeba_hair_000018.png,female,high,short,0.5448874235153198,straight,0.5743487477302551
celeba_hair_000019,D:\Projects\Personal Projects\Hairstyle Recommender Live Tryon\backend\data\processed\celeba_hair_rich_assets\images\celeba_hair_000019.png,female,medium,short,0.8897154331207275,straight,0.8313656449317932
celeba_hair_000020,D:\Projects\Personal Projects\Hairstyle Recommender Live Tryon\backend\data\processed\celeba_hair_rich_assets\images\celeba_hair_000020.png,female,high,short,0.9119819402694702,straight,0.788199782371521
celeba_hair_000021,D:\Projects\Personal Projects\Hairstyle Recommender Live Tryon\backend\data\processed\celeba_hair_rich_assets\images\celeba_hair_000021.png,male,medium,short,0.7442993521690369,straight,0.6457638740539551
celeba_hair_000022,D:\Projects\Personal Projects\Hairstyle Recommender Live Tryon\backend\data\processed\celeba_hair_rich_assets\images\celeba_hair_000022.png,female,medium,short,0.7626526355743408,straight,0.7103353142738342
celeba_hair_000023,D:\Projects\Personal Projects\Hairstyle Recommender Live Tryon\backend\data\processed\celeba_hair_rich_assets\images\celeba_hair_000023.png,male,medium,short,0.8272017240524292,straight,0.7563157677650452
celeba_hair_000024,D:\Projects\Personal Projects\Hairstyle Recommender Live Tryon\backend\data\processed\celeba_hair_rich_assets\images\celeba_hair_000024.png,male,high,short,0.8234743475914001,straight,0.7476028800010681
celeba_hair_000025,D:\Projects\Personal Projects\Hairstyle Recommender Live Tryon\backend\data\processed\celeba_hair_rich_assets\images\celeba_hair_000025.png,female,high,short,0.6034018397331238,wavy,0.49824491143226624
celeba_hair_000026,D:\Projects\Personal Projects\Hairstyle Recommender Live Tryon\backend\data\processed\celeba_hair_rich_assets\images\celeba_hair_000026.png,male,high,short,0.6761440634727478,straight,0.6786644458770752
celeba_hair_000027,D:\Projects\Personal Projects\Hairstyle Recommender Live Tryon\backend\data\processed\celeba_hair_rich_assets\images\celeba_hair_000027.png,female,high,short,0.7398463487625122,straight,0.7822713851928711
celeba_hair_000028,D:\Projects\Personal Projects\Hairstyle Recommender Live Tryon\backend\data\processed\celeba_hair_rich_assets\images\celeba_hair_000028.png,male,medium,short,0.8964032530784607,straight,0.8107128739356995
celeba_hair_000029,D:\Projects\Personal Projects\Hairstyle Recommender Live Tryon\backend\data\processed\celeba_hair_rich_assets\images\celeba_hair_000029.png,female,high,short,0.6842179298400879,straight,0.5504679679870605
celeba_hair_000030,D:\Projects\Personal Projects\Hairstyle Recommender Live Tryon\backend\data\processed\celeba_hair_rich_assets\images\celeba_hair_000030.png,female,medium,short,0.6450985670089722,straight,0.6057303547859192
celeba_hair_000031,D:\Projects\Personal Projects\Hairstyle Recommender Live Tryon\backend\data\processed\celeba_hair_rich_assets\images\celeba_hair_000031.png,female,high,short,0.5021703839302063,straight,0.516133189201355
celeba_hair_000032,D:\Projects\Personal Projects\Hairstyle Recommender Live Tryon\backend\data\processed\celeba_hair_rich_assets\images\celeba_hair_000032.png,male,high,long,0.437694787979126,wavy,0.6541500091552734
celeba_hair_000033,D:\Projects\Personal Projects\Hairstyle Recommender Live Tryon\backend\data\processed\celeba_hair_rich_assets\images\celeba_hair_000033.png,male,medium,short,0.5582594871520996,straight,0.5434938073158264
celeba_hair_000034,D:\Projects\Personal Projects\Hairstyle Recommender Live Tryon\backend\data\processed\celeba_hair_rich_assets\images\celeba_hair_000034.png,male,medium,short,0.4677497446537018,wavy,0.5967426896095276
celeba_hair_000035,D:\Projects\Personal Projects\Hairstyle Recommender Live Tryon\backend\data\processed\celeba_hair_rich_assets\images\celeba_hair_000035.png,male,high,short,0.7878730893135071,straight,0.7725172638893127
celeba_hair_000036,D:\Projects\Personal Projects\Hairstyle Recommender Live Tryon\backend\data\processed\celeba_hair_rich_assets\images\celeba_hair_000036.png,male,high,short,0.6212694048881531,straight,0.6312434673309326
celeba_hair_000037,D:\Projects\Personal Projects\Hairstyle Recommender Live Tryon\backend\data\processed\celeba_hair_rich_assets\images\celeba_hair_000037.png,male,high,short,0.5222131013870239,wavy,0.5027236938476562
celeba_hair_000038,D:\Projects\Personal Projects\Hairstyle Recommender Live Tryon\backend\data\processed\celeba_hair_rich_assets\images\celeba_hair_000038.png,male,high,long,0.5359420776367188,wavy,0.5942562222480774
celeba_hair_000039,D:\Projects\Personal Projects\Hairstyle Recommender Live Tryon\backend\data\processed\celeba_hair_rich_assets\images\celeba_hair_000039.png,female,medium,short,0.5545729994773865,straight,0.5912265777587891
celeba_hair_000040,D:\Projects\Personal Projects\Hairstyle Recommender Live Tryon\backend\data\processed\celeba_hair_rich_assets\images\celeba_hair_000040.png,female,medium,short,0.892189085483551,straight,0.8225710988044739
celeba_hair_000041,D:\Projects\Personal Projects\Hairstyle Recommender Live Tryon\backend\data\processed\celeba_hair_rich_assets\images\celeba_hair_000041.png,female,medium,short,0.7966653108596802,straight,0.7721177339553833
celeba_hair_000042,D:\Projects\Personal Projects\Hairstyle Recommender Live Tryon\backend\data\processed\celeba_hair_rich_assets\images\celeba_hair_000042.png,male,medium,short,0.7474473714828491,straight,0.6961140036582947
celeba_hair_000043,D:\Projects\Personal Projects\Hairstyle Recommender Live Tryon\backend\data\processed\celeba_hair_rich_assets\images\celeba_hair_000043.png,male,medium,short,0.6984864473342896,straight,0.6207637786865234
celeba_hair_000044,D:\Projects\Personal Projects\Hairstyle Recommender Live Tryon\backend\data\processed\celeba_hair_rich_assets\images\celeba_hair_000044.png,female,high,short,0.606592059135437,straight,0.5836318135261536
celeba_hair_000045,D:\Projects\Personal Projects\Hairstyle Recommender Live Tryon\backend\data\processed\celeba_hair_rich_assets\images\celeba_hair_000045.png,male,medium,short,0.6140828132629395,straight,0.6455026865005493
celeba_hair_000046,D:\Projects\Personal Projects\Hairstyle Recommender Live Tryon\backend\data\processed\celeba_hair_rich_assets\images\celeba_hair_000046.png,male,high,short,0.7821667194366455,straight,0.6622071266174316
celeba_hair_000047,D:\Projects\Personal Projects\Hairstyle Recommender Live Tryon\backend\data\processed\celeba_hair_rich_assets\images\celeba_hair_000047.png,female,medium,short,0.6424667239189148,straight,0.6540930271148682
celeba_hair_000048,D:\Projects\Personal Projects\Hairstyle Recommender Live Tryon\backend\data\processed\celeba_hair_rich_assets\images\celeba_hair_000048.png,male,medium,short,0.7081209421157837,straight,0.7155418992042542
celeba_hair_000049,D:\Projects\Personal Projects\Hairstyle Recommender Live Tryon\backend\data\processed\celeba_hair_rich_assets\images\celeba_hair_000049.png,female,medium,short,0.7003719210624695,straight,0.5717402100563049
celeba_hair_000050,D:\Projects\Personal Projects\Hairstyle Recommender Live Tryon\backend\data\processed\celeba_hair_rich_assets\images\celeba_hair_000050.png,male,medium,short,0.7548840045928955,straight,0.5973019003868103
celeba_hair_000051,D:\Projects\Personal Projects\Hairstyle Recommender Live Tryon\backend\data\processed\celeba_hair_rich_assets\images\celeba_hair_000051.png,female,medium,short,0.7309442162513733,straight,0.6487584710121155
celeba_hair_000052,D:\Projects\Personal Projects\Hairstyle Recommender Live Tryon\backend\data\processed\celeba_hair_rich_assets\images\celeba_hair_000052.png,male,high,short,0.6164450645446777,wavy,0.5298163890838623
celeba_hair_000053,D:\Projects\Personal Projects\Hairstyle Recommender Live Tryon\backend\data\processed\celeba_hair_rich_assets\images\celeba_hair_000053.png,male,medium,short,0.48904502391815186,wavy,0.5759588479995728
celeba_hair_000054,D:\Projects\Personal Projects\Hairstyle Recommender Live Tryon\backend\data\processed\celeba_hair_rich_assets\images\celeba_hair_000054.png,female,high,short,0.7905112504959106,straight,0.7017143368721008
celeba_hair_000055,D:\Projects\Personal Projects\Hairstyle Recommender Live Tryon\backend\data\processed\celeba_hair_rich_assets\images\celeba_hair_000055.png,female,medium,short,0.48615553975105286,wavy,0.5322876572608948
celeba_hair_000056,D:\Projects\Personal Projects\Hairstyle Recommender Live Tryon\backend\data\processed\celeba_hair_rich_assets\images\celeba_hair_000056.png,female,high,short,0.5710601210594177,straight,0.4930512309074402
celeba_hair_000057,D:\Projects\Personal Projects\Hairstyle Recommender Live Tryon\backend\data\processed\celeba_hair_rich_assets\images\celeba_hair_000057.png,male,medium,short,0.5664726495742798,straight,0.6325096487998962
celeba_hair_000058,D:\Projects\Personal Projects\Hairstyle Recommender Live Tryon\backend\data\processed\celeba_hair_rich_assets\images\celeba_hair_000058.png,male,medium,short,0.5124428272247314,straight,0.5181330442428589
celeba_hair_000059,D:\Projects\Personal Projects\Hairstyle Recommender Live Tryon\backend\data\processed\celeba_hair_rich_assets\images\celeba_hair_000059.png,female,high,short,0.7882247567176819,straight,0.6429256200790405
celeba_hair_000060,D:\Projects\Personal Projects\Hairstyle Recommender Live Tryon\backend\data\processed\celeba_hair_rich_assets\images\celeba_hair_000060.png,female,medium,short,0.5070019960403442,straight,0.5094722509384155
celeba_hair_000061,D:\Projects\Personal Projects\Hairstyle Recommender Live Tryon\backend\data\processed\celeba_hair_rich_assets\images\celeba_hair_000061.png,female,high,short,0.7750629782676697,straight,0.7741342782974243
celeba_hair_000062,D:\Projects\Personal Projects\Hairstyle Recommender Live Tryon\backend\data\processed\celeba_hair_rich_assets\images\celeba_hair_000062.png,female,high,short,0.4701683223247528,wavy,0.519969642162323
celeba_hair_000063,D:\Projects\Personal Projects\Hairstyle Recommender Live Tryon\backend\data\processed\celeba_hair_rich_assets\images\celeba_hair_000063.png,female,high,short,0.5189007520675659,straight,0.61971515417099
celeba_hair_000064,D:\Projects\Personal Projects\Hairstyle Recommender Live Tryon\backend\data\processed\celeba_hair_rich_assets\images\celeba_hair_000064.png,female,high,short,0.752053439617157,straight,0.6845226883888245
celeba_hair_000065,D:\Projects\Personal Projects\Hairstyle Recommender Live Tryon\backend\data\processed\celeba_hair_rich_assets\images\celeba_hair_000065.png,female,high,short,0.6857442855834961,straight,0.625196635723114
celeba_hair_000066,D:\Projects\Personal Projects\Hairstyle Recommender Live Tryon\backend\data\processed\celeba_hair_rich_assets\images\celeba_hair_000066.png,male,high,short,0.5586654543876648,straight,0.5590760707855225
celeba_hair_000067,D:\Projects\Personal Projects\Hairstyle Recommender Live Tryon\backend\data\processed\celeba_hair_rich_assets\images\celeba_hair_000067.png,male,medium,short,0.47827813029289246,straight,0.5859518647193909
celeba_hair_000068,D:\Projects\Personal Projects\Hairstyle Recommender Live Tryon\backend\data\processed\celeba_hair_rich_assets\images\celeba_hair_000068.png,male,medium,short,0.8224759101867676,straight,0.7195345163345337
celeba_hair_000069,D:\Projects\Personal Projects\Hairstyle Recommender Live Tryon\backend\data\processed\celeba_hair_rich_assets\images\celeba_hair_000069.png,female,medium,short,0.7793296575546265,straight,0.8280305862426758
celeba_hair_000070,D:\Projects\Personal Projects\Hairstyle Recommender Live Tryon\backend\data\processed\celeba_hair_rich_assets\images\celeba_hair_000070.png,male,high,short,0.7416559457778931,straight,0.6749891042709351
celeba_hair_000071,D:\Projects\Personal Projects\Hairstyle Recommender Live Tryon\backend\data\processed\celeba_hair_rich_assets\images\celeba_hair_000071.png,male,high,short,0.6596076488494873,straight,0.5735381245613098
celeba_hair_000072,D:\Projects\Personal Projects\Hairstyle Recommender Live Tryon\backend\data\processed\celeba_hair_rich_assets\images\celeba_hair_000072.png,female,medium,short,0.7817293405532837,straight,0.7449177503585815
celeba_hair_000073,D:\Projects\Personal Projects\Hairstyle Recommender Live Tryon\backend\data\processed\celeba_hair_rich_assets\images\celeba_hair_000073.png,male,high,short,0.501250147819519,straight,0.5523557662963867
celeba_hair_000074,D:\Projects\Personal Projects\Hairstyle Recommender Live Tryon\backend\data\processed\celeba_hair_rich_assets\images\celeba_hair_000074.png,female,high,short,0.6182727813720703,straight,0.6539646983146667
celeba_hair_000075,D:\Projects\Personal Projects\Hairstyle Recommender Live Tryon\backend\data\processed\celeba_hair_rich_assets\images\celeba_hair_000075.png,female,medium,short,0.8040551543235779,straight,0.707393229007721
celeba_hair_000076,D:\Projects\Personal Projects\Hairstyle Recommender Live Tryon\backend\data\processed\celeba_hair_rich_assets\images\celeba_hair_000076.png,female,high,short,0.58868008852005,straight,0.5465761423110962
celeba_hair_000077,D:\Projects\Personal Projects\Hairstyle Recommender Live Tryon\backend\data\processed\celeba_hair_rich_assets\images\celeba_hair_000077.png,male,high,short,0.7272786498069763,straight,0.6023640632629395
celeba_hair_000078,D:\Projects\Personal Projects\Hairstyle Recommender Live Tryon\backend\data\processed\celeba_hair_rich_assets\images\celeba_hair_000078.png,male,medium,short,0.454083114862442,wavy,0.5261793732643127
celeba_hair_000079,D:\Projects\Personal Projects\Hairstyle Recommender Live Tryon\backend\data\processed\celeba_hair_rich_assets\images\celeba_hair_000079.png,female,high,short,0.4946168065071106,wavy,0.48886701464653015
celeba_hair_000080,D:\Projects\Personal Projects\Hairstyle Recommender Live Tryon\backend\data\processed\celeba_hair_rich_assets\images\celeba_hair_000080.png,male,high,short,0.70270836353302,straight,0.6415324807167053
celeba_hair_000081,D:\Projects\Personal Projects\Hairstyle Recommender Live Tryon\backend\data\processed\celeba_hair_rich_assets\images\celeba_hair_000081.png,male,medium,short,0.49942898750305176,straight,0.4935281276702881
celeba_hair_000082,D:\Projects\Personal Projects\Hairstyle Recommender Live Tryon\backend\data\processed\celeba_hair_rich_assets\images\celeba_hair_000082.png,female,high,short,0.7313938140869141,straight,0.7624862194061279
celeba_hair_000083,D:\Projects\Personal Projects\Hairstyle Recommender Live Tryon\backend\data\processed\celeba_hair_rich_assets\images\celeba_hair_000083.png,female,high,short,0.7690986394882202,straight,0.7851954102516174
celeba_hair_000084,D:\Projects\Personal Projects\Hairstyle Recommender Live Tryon\backend\data\processed\celeba_hair_rich_assets\images\celeba_hair_000084.png,female,medium,short,0.7907648086547852,straight,0.741157054901123
celeba_hair_000085,D:\Projects\Personal Projects\Hairstyle Recommender Live Tryon\backend\data\processed\celeba_hair_rich_assets\images\celeba_hair_000085.png,male,medium,long,0.47745078802108765,wavy,0.566051721572876
celeba_hair_000086,D:\Projects\Personal Projects\Hairstyle Recommender Live Tryon\backend\data\processed\celeba_hair_rich_assets\images\celeba_hair_000086.png,male,medium,short,0.5240294337272644,wavy,0.5204126834869385
celeba_hair_000087,D:\Projects\Personal Projects\Hairstyle Recommender Live Tryon\backend\data\processed\celeba_hair_rich_assets\images\celeba_hair_000087.png,female,high,short,0.7928961515426636,straight,0.7221308350563049
celeba_hair_000088,D:\Projects\Personal Projects\Hairstyle Recommender Live Tryon\backend\data\processed\celeba_hair_rich_assets\images\celeba_hair_000088.png,male,high,short,0.8400025963783264,straight,0.7547520995140076
celeba_hair_000089,D:\Projects\Personal Projects\Hairstyle Recommender Live Tryon\backend\data\processed\celeba_hair_rich_assets\images\celeba_hair_000089.png,male,medium,short,0.6146828532218933,straight,0.5341141819953918
celeba_hair_000090,D:\Projects\Personal Projects\Hairstyle Recommender Live Tryon\backend\data\processed\celeba_hair_rich_assets\images\celeba_hair_000090.png,female,high,short,0.7759946584701538,straight,0.8387815952301025
celeba_hair_000091,D:\Projects\Personal Projects\Hairstyle Recommender Live Tryon\backend\data\processed\celeba_hair_rich_assets\images\celeba_hair_000091.png,female,medium,short,0.7326492667198181,straight,0.791448175907135
celeba_hair_000092,D:\Projects\Personal Projects\Hairstyle Recommender Live Tryon\backend\data\processed\celeba_hair_rich_assets\images\celeba_hair_000092.png,male,high,short,0.6240352988243103,straight,0.6350235939025879
celeba_hair_000093,D:\Projects\Personal Projects\Hairstyle Recommender Live Tryon\backend\data\processed\celeba_hair_rich_assets\images\celeba_hair_000093.png,male,high,short,0.5660943388938904,straight,0.5159007906913757
celeba_hair_000094,D:\Projects\Personal Projects\Hairstyle Recommender Live Tryon\backend\data\processed\celeba_hair_rich_assets\images\celeba_hair_000094.png,female,high,short,0.5308325886726379,straight,0.5042163729667664
celeba_hair_000095,D:\Projects\Personal Projects\Hairstyle Recommender Live Tryon\backend\data\processed\celeba_hair_rich_assets\images\celeba_hair_000095.png,female,high,long,0.7311133742332458,wavy,0.7222540378570557
celeba_hair_000096,D:\Projects\Personal Projects\Hairstyle Recommender Live Tryon\backend\data\processed\celeba_hair_rich_assets\images\celeba_hair_000096.png,male,high,short,0.71804279088974,straight,0.5865892767906189
celeba_hair_000097,D:\Projects\Personal Projects\Hairstyle Recommender Live Tryon\backend\data\processed\celeba_hair_rich_assets\images\celeba_hair_000097.png,female,medium,short,0.8391690850257874,straight,0.877728283405304
celeba_hair_000098,D:\Projects\Personal Projects\Hairstyle Recommender Live Tryon\backend\data\processed\celeba_hair_rich_assets\images\celeba_hair_000098.png,male,medium,short,0.5228304266929626,wavy,0.5151423811912537
celeba_hair_000099,D:\Projects\Personal Projects\Hairstyle Recommender Live Tryon\backend\data\processed\celeba_hair_rich_assets\images\celeba_hair_000099.png,female,high,short,0.5250630974769592,straight,0.5432646870613098
celeba_hair_000100,D:\Projects\Personal Projects\Hairstyle Recommender Live Tryon\backend\data\processed\celeba_hair_rich_assets\images\celeba_hair_000100.png,female,medium,short,0.60850989818573,straight,0.590027391910553
celeba_hair_000101,D:\Projects\Personal Projects\Hairstyle Recommender Live Tryon\backend\data\processed\celeba_hair_rich_assets\images\celeba_hair_000101.png,female,medium,short,0.7427423000335693,straight,0.6015945672988892
celeba_hair_000102,D:\Projects\Personal Projects\Hairstyle Recommender Live Tryon\backend\data\processed\celeba_hair_rich_assets\images\celeba_hair_000102.png,female,high,short,0.7801311016082764,straight,0.7964493036270142
celeba_hair_000103,D:\Projects\Personal Projects\Hairstyle Recommender Live Tryon\backend\data\processed\celeba_hair_rich_assets\images\celeba_hair_000103.png,female,high,short,0.589378297328949,straight,0.6243858933448792
celeba_hair_000104,D:\Projects\Personal Projects\Hairstyle Recommender Live Tryon\backend\data\processed\celeba_hair_rich_assets\images\celeba_hair_000104.png,female,high,short,0.5745223164558411,straight,0.6305392980575562
celeba_hair_000105,D:\Projects\Personal Projects\Hairstyle Recommender Live Tryon\backend\data\processed\celeba_hair_rich_assets\images\celeba_hair_000105.png,male,high,short,0.5661465525627136,straight,0.6594759225845337
celeba_hair_000106,D:\Projects\Personal Projects\Hairstyle Recommender Live Tryon\backend\data\processed\celeba_hair_rich_assets\images\celeba_hair_000106.png,female,medium,short,0.8882371187210083,straight,0.8637501001358032
celeba_hair_000107,D:\Projects\Personal Projects\Hairstyle Recommender Live Tryon\backend\data\processed\celeba_hair_rich_assets\images\celeba_hair_000107.png,female,high,short,0.8163872957229614,straight,0.6604772210121155
celeba_hair_000108,D:\Projects\Personal Projects\Hairstyle Recommender Live Tryon\backend\data\processed\celeba_hair_rich_assets\images\celeba_hair_000108.png,male,medium,short,0.7367755174636841,straight,0.6471838355064392
celeba_hair_000109,D:\Projects\Personal Projects\Hairstyle Recommender Live Tryon\backend\data\processed\celeba_hair_rich_assets\images\celeba_hair_000109.png,male,medium,short,0.7709957361221313,straight,0.6675150394439697
celeba_hair_000110,D:\Projects\Personal Projects\Hairstyle Recommender Live Tryon\backend\data\processed\celeba_hair_rich_assets\images\celeba_hair_000110.png,female,high,short,0.6240584254264832,straight,0.6141877174377441
celeba_hair_000111,D:\Projects\Personal Projects\Hairstyle Recommender Live Tryon\backend\data\processed\celeba_hair_rich_assets\images\celeba_hair_000111.png,female,high,short,0.8073275685310364,straight,0.7768203616142273
celeba_hair_000112,D:\Projects\Personal Projects\Hairstyle Recommender Live Tryon\backend\data\processed\celeba_hair_rich_assets\images\celeba_hair_000112.png,female,high,short,0.5057328939437866,straight,0.5131464004516602
celeba_hair_000113,D:\Projects\Personal Projects\Hairstyle Recommender Live Tryon\backend\data\processed\celeba_hair_rich_assets\images\celeba_hair_000113.png,male,medium,short,0.6668431162834167,straight,0.6216264963150024
celeba_hair_000114,D:\Projects\Personal Projects\Hairstyle Recommender Live Tryon\backend\data\processed\celeba_hair_rich_assets\images\celeba_hair_000114.png,male,high,short,0.4146064519882202,wavy,0.5981153249740601
celeba_hair_000115,D:\Projects\Personal Projects\Hairstyle Recommender Live Tryon\backend\data\processed\celeba_hair_rich_assets\images\celeba_hair_000115.png,female,high,short,0.510343611240387,wavy,0.5204216241836548
celeba_hair_000116,D:\Projects\Personal Projects\Hairstyle Recommender Live Tryon\backend\data\processed\celeba_hair_rich_assets\images\celeba_hair_000116.png,male,medium,long,0.4471396505832672,wavy,0.6165063977241516
celeba_hair_000117,D:\Projects\Personal Projects\Hairstyle Recommender Live Tryon\backend\data\processed\celeba_hair_rich_assets\images\celeba_hair_000117.png,female,medium,short,0.6001198291778564,straight,0.5715070366859436
celeba_hair_000118,D:\Projects\Personal Projects\Hairstyle Recommender Live Tryon\backend\data\processed\celeba_hair_rich_assets\images\celeba_hair_000118.png,male,medium,short,0.8512850403785706,straight,0.6962950825691223
celeba_hair_000119,D:\Projects\Personal Projects\Hairstyle Recommender Live Tryon\backend\data\processed\celeba_hair_rich_assets\images\celeba_hair_000119.png,male,medium,short,0.48162755370140076,wavy,0.5168457627296448
celeba_hair_000120,D:\Projects\Personal Projects\Hairstyle Recommender Live Tryon\backend\data\processed\celeba_hair_rich_assets\images\celeba_hair_000120.png,female,medium,short,0.49253061413764954,straight,0.5205106139183044
celeba_hair_000121,D:\Projects\Personal Projects\Hairstyle Recommender Live Tryon\backend\data\processed\celeba_hair_rich_assets\images\celeba_hair_000121.png,male,high,short,0.7469455599784851,straight,0.5091543197631836
celeba_hair_000122,D:\Projects\Personal Projects\Hairstyle Recommender Live Tryon\backend\data\processed\celeba_hair_rich_assets\images\celeba_hair_000122.png,male,high,short,0.8812029361724854,straight,0.7823912501335144
celeba_hair_000123,D:\Projects\Personal Projects\Hairstyle Recommender Live Tryon\backend\data\processed\celeba_hair_rich_assets\images\celeba_hair_000123.png,male,high,short,0.5857028365135193,straight,0.6103106737136841
celeba_hair_000124,D:\Projects\Personal Projects\Hairstyle Recommender Live Tryon\backend\data\processed\celeba_hair_rich_assets\images\celeba_hair_000124.png,female,high,short,0.6937171220779419,straight,0.6515543460845947
celeba_hair_000125,D:\Projects\Personal Projects\Hairstyle Recommender Live Tryon\backend\data\processed\celeba_hair_rich_assets\images\celeba_hair_000125.png,female,medium,short,0.870425820350647,straight,0.7636890411376953
celeba_hair_000126,D:\Projects\Personal Projects\Hairstyle Recommender Live Tryon\backend\data\processed\celeba_hair_rich_assets\images\celeba_hair_000126.png,female,high,short,0.7264238595962524,straight,0.7567980885505676
celeba_hair_000127,D:\Projects\Personal Projects\Hairstyle Recommender Live Tryon\backend\data\processed\celeba_hair_rich_assets\images\celeba_hair_000127.png,male,medium,short,0.7746760845184326,straight,0.6288006901741028
celeba_hair_000128,D:\Projects\Personal Projects\Hairstyle Recommender Live Tryon\backend\data\processed\celeba_hair_rich_assets\images\celeba_hair_000128.png,male,medium,short,0.8024986982345581,straight,0.6566662788391113
celeba_hair_000129,D:\Projects\Personal Projects\Hairstyle Recommender Live Tryon\backend\data\processed\celeba_hair_rich_assets\images\celeba_hair_000129.png,male,medium,long,0.5249077081680298,wavy,0.4943503439426422
celeba_hair_000130,D:\Projects\Personal Projects\Hairstyle Recommender Live Tryon\backend\data\processed\celeba_hair_rich_assets\images\celeba_hair_000130.png,female,high,short,0.7811776995658875,straight,0.7326999306678772
celeba_hair_000131,D:\Projects\Personal Projects\Hairstyle Recommender Live Tryon\backend\data\processed\celeba_hair_rich_assets\images\celeba_hair_000131.png,male,medium,short,0.5744965672492981,straight,0.5854358077049255
celeba_hair_000132,D:\Projects\Personal Projects\Hairstyle Recommender Live Tryon\backend\data\processed\celeba_hair_rich_assets\images\celeba_hair_000132.png,male,medium,short,0.5265991687774658,wavy,0.502155065536499
celeba_hair_000133,D:\Projects\Personal Projects\Hairstyle Recommender Live Tryon\backend\data\processed\celeba_hair_rich_assets\images\celeba_hair_000133.png,female,medium,short,0.5154024362564087,straight,0.4974512457847595
celeba_hair_000134,D:\Projects\Personal Projects\Hairstyle Recommender Live Tryon\backend\data\processed\celeba_hair_rich_assets\images\celeba_hair_000134.png,female,high,short,0.765652596950531,straight,0.5223582983016968
celeba_hair_000135,D:\Projects\Personal Projects\Hairstyle Recommender Live Tryon\backend\data\processed\celeba_hair_rich_assets\images\celeba_hair_000135.png,male,medium,short,0.4711701571941376,wavy,0.5980072021484375
celeba_hair_000136,D:\Projects\Personal Projects\Hairstyle Recommender Live Tryon\backend\data\processed\celeba_hair_rich_assets\images\celeba_hair_000136.png,male,high,short,0.5289275050163269,straight,0.6046510338783264
celeba_hair_000137,D:\Projects\Personal Projects\Hairstyle Recommender Live Tryon\backend\data\processed\celeba_hair_rich_assets\images\celeba_hair_000137.png,female,medium,short,0.7208766937255859,straight,0.7898406982421875
celeba_hair_000138,D:\Projects\Personal Projects\Hairstyle Recommender Live Tryon\backend\data\processed\celeba_hair_rich_assets\images\celeba_hair_000138.png,female,high,short,0.8537935614585876,straight,0.7294542193412781
celeba_hair_000139,D:\Projects\Personal Projects\Hairstyle Recommender Live Tryon\backend\data\processed\celeba_hair_rich_assets\images\celeba_hair_000139.png,female,high,short,0.5746135711669922,straight,0.6757915019989014
celeba_hair_000140,D:\Projects\Personal Projects\Hairstyle Recommender Live Tryon\backend\data\processed\celeba_hair_rich_assets\images\celeba_hair_000140.png,female,medium,short,0.7615789771080017,straight,0.6481709480285645
celeba_hair_000141,D:\Projects\Personal Projects\Hairstyle Recommender Live Tryon\backend\data\processed\celeba_hair_rich_assets\images\celeba_hair_000141.png,male,high,short,0.8368718028068542,straight,0.869268536567688
celeba_hair_000142,D:\Projects\Personal Projects\Hairstyle Recommender Live Tryon\backend\data\processed\celeba_hair_rich_assets\images\celeba_hair_000142.png,female,high,long,0.5493727326393127,straight,0.5042322278022766
celeba_hair_000143,D:\Projects\Personal Projects\Hairstyle Recommender Live Tryon\backend\data\processed\celeba_hair_rich_assets\images\celeba_hair_000143.png,female,medium,short,0.9173797965049744,straight,0.8164633512496948
celeba_hair_000144,D:\Projects\Personal Projects\Hairstyle Recommender Live Tryon\backend\data\processed\celeba_hair_rich_assets\images\celeba_hair_000144.png,male,medium,short,0.7210766077041626,straight,0.5827441811561584
celeba_hair_000145,D:\Projects\Personal Projects\Hairstyle Recommender Live Tryon\backend\data\processed\celeba_hair_rich_assets\images\celeba_hair_000145.png,male,medium,short,0.7144501209259033,straight,0.6247515082359314
celeba_hair_000146,D:\Projects\Personal Projects\Hairstyle Recommender Live Tryon\backend\data\processed\celeba_hair_rich_assets\images\celeba_hair_000146.png,female,high,short,0.7868705987930298,straight,0.8197049498558044
celeba_hair_000147,D:\Projects\Personal Projects\Hairstyle Recommender Live Tryon\backend\data\processed\celeba_hair_rich_assets\images\celeba_hair_000147.png,male,high,short,0.5672329068183899,straight,0.5305349826812744
celeba_hair_000148,D:\Projects\Personal Projects\Hairstyle Recommender Live Tryon\backend\data\processed\celeba_hair_rich_assets\images\celeba_hair_000148.png,female,high,short,0.7063757181167603,straight,0.7755672931671143
celeba_hair_000149,D:\Projects\Personal Projects\Hairstyle Recommender Live Tryon\backend\data\processed\celeba_hair_rich_assets\images\celeba_hair_000149.png,female,medium,short,0.5331258773803711,straight,0.5725734829902649
celeba_hair_000150,D:\Projects\Personal Projects\Hairstyle Recommender Live Tryon\backend\data\processed\celeba_hair_rich_assets\images\celeba_hair_000150.png,male,high,short,0.7073926329612732,straight,0.5808947086334229
celeba_hair_000151,D:\Projects\Personal Projects\Hairstyle Recommender Live Tryon\backend\data\processed\celeba_hair_rich_assets\images\celeba_hair_000151.png,male,medium,short,0.6847034692764282,straight,0.5705629587173462
celeba_hair_000152,D:\Projects\Personal Projects\Hairstyle Recommender Live Tryon\backend\data\processed\celeba_hair_rich_assets\images\celeba_hair_000152.png,female,medium,long,0.4470897912979126,wavy,0.6984062194824219
celeba_hair_000153,D:\Projects\Personal Projects\Hairstyle Recommender Live Tryon\backend\data\processed\celeba_hair_rich_assets\images\celeba_hair_000153.png,female,high,short,0.6268903613090515,straight,0.5857172012329102
celeba_hair_000154,D:\Projects\Personal Projects\Hairstyle Recommender Live Tryon\backend\data\processed\celeba_hair_rich_assets\images\celeba_hair_000154.png,female,high,short,0.5577152967453003,straight,0.5720248222351074
celeba_hair_000155,D:\Projects\Personal Projects\Hairstyle Recommender Live Tryon\backend\data\processed\celeba_hair_rich_assets\images\celeba_hair_000155.png,female,high,short,0.7593010663986206,straight,0.8283742666244507
celeba_hair_000156,D:\Projects\Personal Projects\Hairstyle Recommender Live Tryon\backend\data\processed\celeba_hair_rich_assets\images\celeba_hair_000156.png,male,medium,short,0.6274719834327698,straight,0.5471333265304565
celeba_hair_000157,D:\Projects\Personal Projects\Hairstyle Recommender Live Tryon\backend\data\processed\celeba_hair_rich_assets\images\celeba_hair_000157.png,female,medium,short,0.567875862121582,straight,0.5821213126182556
celeba_hair_000158,D:\Projects\Personal Projects\Hairstyle Recommender Live Tryon\backend\data\processed\celeba_hair_rich_assets\images\celeba_hair_000158.png,male,high,short,0.6167610883712769,wavy,0.49338772892951965
celeba_hair_000159,D:\Projects\Personal Projects\Hairstyle Recommender Live Tryon\backend\data\processed\celeba_hair_rich_assets\images\celeba_hair_000159.png,female,high,short,0.5054826736450195,straight,0.5833011865615845
celeba_hair_000160,D:\Projects\Personal Projects\Hairstyle Recommender Live Tryon\backend\data\processed\celeba_hair_rich_assets\images\celeba_hair_000160.png,male,medium,short,0.5397244095802307,straight,0.5137768387794495
celeba_hair_000161,D:\Projects\Personal Projects\Hairstyle Recommender Live Tryon\backend\data\processed\celeba_hair_rich_assets\images\celeba_hair_000161.png,male,high,short,0.47933849692344666,wavy,0.4875450134277344
celeba_hair_000162,D:\Projects\Personal Projects\Hairstyle Recommender Live Tryon\backend\data\processed\celeba_hair_rich_assets\images\celeba_hair_000162.png,female,high,short,0.815597653388977,straight,0.767702579498291
celeba_hair_000163,D:\Projects\Personal Projects\Hairstyle Recommender Live Tryon\backend\data\processed\celeba_hair_rich_assets\images\celeba_hair_000163.png,female,medium,short,0.5940236449241638,straight,0.6384202241897583
celeba_hair_000164,D:\Projects\Personal Projects\Hairstyle Recommender Live Tryon\backend\data\processed\celeba_hair_rich_assets\images\celeba_hair_000164.png,female,medium,short,0.7612162828445435,straight,0.5953289866447449
celeba_hair_000165,D:\Projects\Personal Projects\Hairstyle Recommender Live Tryon\backend\data\processed\celeba_hair_rich_assets\images\celeba_hair_000165.png,female,high,short,0.5261425971984863,straight,0.6235992312431335
celeba_hair_000166,D:\Projects\Personal Projects\Hairstyle Recommender Live Tryon\backend\data\processed\celeba_hair_rich_assets\images\celeba_hair_000166.png,male,medium,short,0.5601963996887207,straight,0.5063804984092712
celeba_hair_000167,D:\Projects\Personal Projects\Hairstyle Recommender Live Tryon\backend\data\processed\celeba_hair_rich_assets\images\celeba_hair_000167.png,male,medium,short,0.5645898580551147,straight,0.5385373830795288
celeba_hair_000168,D:\Projects\Personal Projects\Hairstyle Recommender Live Tryon\backend\data\processed\celeba_hair_rich_assets\images\celeba_hair_000168.png,male,medium,short,0.4722658097743988,wavy,0.5641181468963623
celeba_hair_000169,D:\Projects\Personal Projects\Hairstyle Recommender Live Tryon\backend\data\processed\celeba_hair_rich_assets\images\celeba_hair_000169.png,female,high,short,0.782475471496582,straight,0.7993652820587158
celeba_hair_000170,D:\Projects\Personal Projects\Hairstyle Recommender Live Tryon\backend\data\processed\celeba_hair_rich_assets\images\celeba_hair_000170.png,female,high,short,0.5063819289207458,straight,0.5921179056167603
celeba_hair_000171,D:\Projects\Personal Projects\Hairstyle Recommender Live Tryon\backend\data\processed\celeba_hair_rich_assets\images\celeba_hair_000171.png,female,high,long,0.4636080861091614,wavy,0.526265561580658
celeba_hair_000172,D:\Projects\Personal Projects\Hairstyle Recommender Live Tryon\backend\data\processed\celeba_hair_rich_assets\images\celeba_hair_000172.png,female,high,short,0.7418781518936157,straight,0.7916065454483032
celeba_hair_000173,D:\Projects\Personal Projects\Hairstyle Recommender Live Tryon\backend\data\processed\celeba_hair_rich_assets\images\celeba_hair_000173.png,male,medium,short,0.9046849608421326,straight,0.6905247569084167
celeba_hair_000174,D:\Projects\Personal Projects\Hairstyle Recommender Live Tryon\backend\data\processed\celeba_hair_rich_assets\images\celeba_hair_000174.png,female,high,long,0.6857244372367859,wavy,0.62217116355896
celeba_hair_000175,D:\Projects\Personal Projects\Hairstyle Recommender Live Tryon\backend\data\processed\celeba_hair_rich_assets\images\celeba_hair_000175.png,male,medium,short,0.47616061568260193,wavy,0.5844913125038147
celeba_hair_000176,D:\Projects\Personal Projects\Hairstyle Recommender Live Tryon\backend\data\processed\celeba_hair_rich_assets\images\celeba_hair_000176.png,male,high,short,0.5689200758934021,straight,0.4969061613082886
celeba_hair_000177,D:\Projects\Personal Projects\Hairstyle Recommender Live Tryon\backend\data\processed\celeba_hair_rich_assets\images\celeba_hair_000177.png,male,medium,long,0.5470133423805237,wavy,0.6346480846405029
celeba_hair_000178,D:\Projects\Personal Projects\Hairstyle Recommender Live Tryon\backend\data\processed\celeba_hair_rich_assets\images\celeba_hair_000178.png,female,high,short,0.7520719766616821,straight,0.6610634326934814
celeba_hair_000179,D:\Projects\Personal Projects\Hairstyle Recommender Live Tryon\backend\data\processed\celeba_hair_rich_assets\images\celeba_hair_000179.png,female,medium,short,0.6678106784820557,straight,0.6122514009475708
celeba_hair_000180,D:\Projects\Personal Projects\Hairstyle Recommender Live Tryon\backend\data\processed\celeba_hair_rich_assets\images\celeba_hair_000180.png,female,high,short,0.8295663595199585,straight,0.7818379998207092
celeba_hair_000181,D:\Projects\Personal Projects\Hairstyle Recommender Live Tryon\backend\data\processed\celeba_hair_rich_assets\images\celeba_hair_000181.png,male,medium,short,0.8171303868293762,straight,0.7187996506690979
celeba_hair_000182,D:\Projects\Personal Projects\Hairstyle Recommender Live Tryon\backend\data\processed\celeba_hair_rich_assets\images\celeba_hair_000182.png,male,medium,short,0.7503424286842346,straight,0.7528687119483948
celeba_hair_000183,D:\Projects\Personal Projects\Hairstyle Recommender Live Tryon\backend\data\processed\celeba_hair_rich_assets\images\celeba_hair_000183.png,male,high,short,0.7849174737930298,straight,0.6951428055763245
celeba_hair_000184,D:\Projects\Personal Projects\Hairstyle Recommender Live Tryon\backend\data\processed\celeba_hair_rich_assets\images\celeba_hair_000184.png,female,medium,short,0.7402491569519043,straight,0.7599160075187683
celeba_hair_000185,D:\Projects\Personal Projects\Hairstyle Recommender Live Tryon\backend\data\processed\celeba_hair_rich_assets\images\celeba_hair_000185.png,male,medium,short,0.7280150055885315,straight,0.72603839635849
celeba_hair_000186,D:\Projects\Personal Projects\Hairstyle Recommender Live Tryon\backend\data\processed\celeba_hair_rich_assets\images\celeba_hair_000186.png,male,medium,long,0.5174292325973511,straight,0.5486398339271545
celeba_hair_000187,D:\Projects\Personal Projects\Hairstyle Recommender Live Tryon\backend\data\processed\celeba_hair_rich_assets\images\celeba_hair_000187.png,male,high,short,0.6258312463760376,straight,0.5663314461708069
celeba_hair_000188,D:\Projects\Personal Projects\Hairstyle Recommender Live Tryon\backend\data\processed\celeba_hair_rich_assets\images\celeba_hair_000188.png,female,high,short,0.5147972106933594,wavy,0.4852442741394043
celeba_hair_000189,D:\Projects\Personal Projects\Hairstyle Recommender Live Tryon\backend\data\processed\celeba_hair_rich_assets\images\celeba_hair_000189.png,female,high,short,0.702049970626831,straight,0.6944816708564758
celeba_hair_000190,D:\Projects\Personal Projects\Hairstyle Recommender Live Tryon\backend\data\processed\celeba_hair_rich_assets\images\celeba_hair_000190.png,female,high,short,0.6906769871711731,straight,0.7325495481491089
celeba_hair_000191,D:\Projects\Personal Projects\Hairstyle Recommender Live Tryon\backend\data\processed\celeba_hair_rich_assets\images\celeba_hair_000191.png,male,medium,short,0.5223351716995239,wavy,0.5602195858955383
celeba_hair_000192,D:\Projects\Personal Projects\Hairstyle Recommender Live Tryon\backend\data\processed\celeba_hair_rich_assets\images\celeba_hair_000192.png,male,high,long,0.479338675737381,wavy,0.6060031056404114
celeba_hair_000193,D:\Projects\Personal Projects\Hairstyle Recommender Live Tryon\backend\data\processed\celeba_hair_rich_assets\images\celeba_hair_000193.png,female,high,short,0.599055826663971,straight,0.6520700454711914
celeba_hair_000194,D:\Projects\Personal Projects\Hairstyle Recommender Live Tryon\backend\data\processed\celeba_hair_rich_assets\images\celeba_hair_000194.png,male,high,short,0.4959790110588074,wavy,0.5196440815925598
celeba_hair_000195,D:\Projects\Personal Projects\Hairstyle Recommender Live Tryon\backend\data\processed\celeba_hair_rich_assets\images\celeba_hair_000195.png,female,high,short,0.6322205066680908,straight,0.6201077699661255
celeba_hair_000196,D:\Projects\Personal Projects\Hairstyle Recommender Live Tryon\backend\data\processed\celeba_hair_rich_assets\images\celeba_hair_000196.png,female,medium,short,0.8329342007637024,straight,0.7147696018218994
celeba_hair_000197,D:\Projects\Personal Projects\Hairstyle Recommender Live Tryon\backend\data\processed\celeba_hair_rich_assets\images\celeba_hair_000197.png,male,high,short,0.6511017680168152,straight,0.6216903328895569
celeba_hair_000198,D:\Projects\Personal Projects\Hairstyle Recommender Live Tryon\backend\data\processed\celeba_hair_rich_assets\images\celeba_hair_000198.png,male,medium,short,0.47907784581184387,wavy,0.4979279339313507
celeba_hair_000199,D:\Projects\Personal Projects\Hairstyle Recommender Live Tryon\backend\data\processed\celeba_hair_rich_assets\images\celeba_hair_000199.png,female,medium,short,0.5096310377120972,straight,0.5995489954948425
celeba_hair_000200,D:\Projects\Personal Projects\Hairstyle Recommender Live Tryon\backend\data\processed\celeba_hair_rich_assets\images\celeba_hair_000200.png,female,high,short,0.49194830656051636,straight,0.6281087398529053
celeba_hair_000201,D:\Projects\Personal Projects\Hairstyle Recommender Live Tryon\backend\data\processed\celeba_hair_rich_assets\images\celeba_hair_000201.png,female,high,short,0.8699599504470825,straight,0.7699381113052368
celeba_hair_000202,D:\Projects\Personal Projects\Hairstyle Recommender Live Tryon\backend\data\processed\celeba_hair_rich_assets\images\celeba_hair_000202.png,female,medium,short,0.7032732367515564,straight,0.514631450176239
celeba_hair_000203,D:\Projects\Personal Projects\Hairstyle Recommender Live Tryon\backend\data\processed\celeba_hair_rich_assets\images\celeba_hair_000203.png,male,high,short,0.4751219153404236,wavy,0.5609918832778931
celeba_hair_000204,D:\Projects\Personal Projects\Hairstyle Recommender Live Tryon\backend\data\processed\celeba_hair_rich_assets\images\celeba_hair_000204.png,female,high,short,0.7347958087921143,straight,0.5638537406921387
celeba_hair_000205,D:\Projects\Personal Projects\Hairstyle Recommender Live Tryon\backend\data\processed\celeba_hair_rich_assets\images\celeba_hair_000205.png,female,high,short,0.5050761699676514,straight,0.5504475831985474
celeba_hair_000206,D:\Projects\Personal Projects\Hairstyle Recommender Live Tryon\backend\data\processed\celeba_hair_rich_assets\images\celeba_hair_000206.png,male,high,long,0.7386309504508972,wavy,0.7294489741325378
celeba_hair_000207,D:\Projects\Personal Projects\Hairstyle Recommender Live Tryon\backend\data\processed\celeba_hair_rich_assets\images\celeba_hair_000207.png,female,high,short,0.9125330448150635,straight,0.766762912273407
celeba_hair_000208,D:\Projects\Personal Projects\Hairstyle Recommender Live Tryon\backend\data\processed\celeba_hair_rich_assets\images\celeba_hair_000208.png,male,high,short,0.8244272470474243,straight,0.78074711561203
celeba_hair_000209,D:\Projects\Personal Projects\Hairstyle Recommender Live Tryon\backend\data\processed\celeba_hair_rich_assets\images\celeba_hair_000209.png,female,high,long,0.9080685377120972,wavy,0.8164759874343872
celeba_hair_000210,D:\Projects\Personal Projects\Hairstyle Recommender Live Tryon\backend\data\processed\celeba_hair_rich_assets\images\celeba_hair_000210.png,female,high,short,0.5275759696960449,straight,0.5267938375473022
celeba_hair_000211,D:\Projects\Personal Projects\Hairstyle Recommender Live Tryon\backend\data\processed\celeba_hair_rich_assets\images\celeba_hair_000211.png,male,high,short,0.5279819965362549,straight,0.5142958164215088
celeba_hair_000212,D:\Projects\Personal Projects\Hairstyle Recommender Live Tryon\backend\data\processed\celeba_hair_rich_assets\images\celeba_hair_000212.png,female,medium,long,0.9566907286643982,wavy,0.8686871528625488
celeba_hair_000213,D:\Projects\Personal Projects\Hairstyle Recommender Live Tryon\backend\data\processed\celeba_hair_rich_assets\images\celeba_hair_000213.png,female,medium,short,0.7320339679718018,straight,0.7043926119804382
celeba_hair_000214,D:\Projects\Personal Projects\Hairstyle Recommender Live Tryon\backend\data\processed\celeba_hair_rich_assets\images\celeba_hair_000214.png,female,medium,short,0.6115472912788391,straight,0.5699637532234192
celeba_hair_000215,D:\Projects\Personal Projects\Hairstyle Recommender Live Tryon\backend\data\processed\celeba_hair_rich_assets\images\celeba_hair_000215.png,male,high,short,0.8024629354476929,straight,0.7354764938354492
celeba_hair_000216,D:\Projects\Personal Projects\Hairstyle Recommender Live Tryon\backend\data\processed\celeba_hair_rich_assets\images\celeba_hair_000216.png,male,medium,short,0.6932507157325745,straight,0.6180758476257324
celeba_hair_000217,D:\Projects\Personal Projects\Hairstyle Recommender Live Tryon\backend\data\processed\celeba_hair_rich_assets\images\celeba_hair_000217.png,female,high,short,0.8867552280426025,straight,0.8754794001579285
celeba_hair_000218,D:\Projects\Personal Projects\Hairstyle Recommender Live Tryon\backend\data\processed\celeba_hair_rich_assets\images\celeba_hair_000218.png,male,high,short,0.4472540318965912,wavy,0.5126205086708069
celeba_hair_000219,D:\Projects\Personal Projects\Hairstyle Recommender Live Tryon\backend\data\processed\celeba_hair_rich_assets\images\celeba_hair_000219.png,female,high,short,0.5082666873931885,wavy,0.5677416920661926
celeba_hair_000220,D:\Projects\Personal Projects\Hairstyle Recommender Live Tryon\backend\data\processed\celeba_hair_rich_assets\images\celeba_hair_000220.png,male,medium,short,0.5184450149536133,straight,0.4831700921058655
celeba_hair_000221,D:\Projects\Personal Projects\Hairstyle Recommender Live Tryon\backend\data\processed\celeba_hair_rich_assets\images\celeba_hair_000221.png,female,high,short,0.7890239953994751,straight,0.7474575638771057
celeba_hair_000222,D:\Projects\Personal Projects\Hairstyle Recommender Live Tryon\backend\data\processed\celeba_hair_rich_assets\images\celeba_hair_000222.png,female,medium,short,0.8365360498428345,straight,0.7784556746482849
celeba_hair_000223,D:\Projects\Personal Projects\Hairstyle Recommender Live Tryon\backend\data\processed\celeba_hair_rich_assets\images\celeba_hair_000223.png,female,high,short,0.6306384801864624,straight,0.5841413140296936
celeba_hair_000224,D:\Projects\Personal Projects\Hairstyle Recommender Live Tryon\backend\data\processed\celeba_hair_rich_assets\images\celeba_hair_000224.png,female,high,short,0.8386288285255432,straight,0.7516276240348816
celeba_hair_000225,D:\Projects\Personal Projects\Hairstyle Recommender Live Tryon\backend\data\processed\celeba_hair_rich_assets\images\celeba_hair_000225.png,male,high,short,0.7082446217536926,straight,0.5897576808929443
celeba_hair_000226,D:\Projects\Personal Projects\Hairstyle Recommender Live Tryon\backend\data\processed\celeba_hair_rich_assets\images\celeba_hair_000226.png,male,high,short,0.7621143460273743,straight,0.7170635461807251
celeba_hair_000227,D:\Projects\Personal Projects\Hairstyle Recommender Live Tryon\backend\data\processed\celeba_hair_rich_assets\images\celeba_hair_000227.png,female,high,short,0.8166974186897278,straight,0.7317471504211426
celeba_hair_000228,D:\Projects\Personal Projects\Hairstyle Recommender Live Tryon\backend\data\processed\celeba_hair_rich_assets\images\celeba_hair_000228.png,male,medium,short,0.5176696181297302,straight,0.4896167814731598
celeba_hair_000229,D:\Projects\Personal Projects\Hairstyle Recommender Live Tryon\backend\data\processed\celeba_hair_rich_assets\images\celeba_hair_000229.png,male,high,short,0.7385168671607971,straight,0.4993269443511963
celeba_hair_000230,D:\Projects\Personal Projects\Hairstyle Recommender Live Tryon\backend\data\processed\celeba_hair_rich_assets\images\celeba_hair_000230.png,female,medium,long,0.47159889340400696,wavy,0.4854978024959564
celeba_hair_000231,D:\Projects\Personal Projects\Hairstyle Recommender Live Tryon\backend\data\processed\celeba_hair_rich_assets\images\celeba_hair_000231.png,female,high,long,0.48761701583862305,wavy,0.5970525145530701
celeba_hair_000232,D:\Projects\Personal Projects\Hairstyle Recommender Live Tryon\backend\data\processed\celeba_hair_rich_assets\images\celeba_hair_000232.png,female,high,short,0.9366698265075684,straight,0.8971418142318726
celeba_hair_000233,D:\Projects\Personal Projects\Hairstyle Recommender Live Tryon\backend\data\processed\celeba_hair_rich_assets\images\celeba_hair_000233.png,male,medium,short,0.6131054759025574,straight,0.6874339580535889
celeba_hair_000234,D:\Projects\Personal Projects\Hairstyle Recommender Live Tryon\backend\data\processed\celeba_hair_rich_assets\images\celeba_hair_000234.png,female,high,short,0.8562005758285522,straight,0.6135406494140625
celeba_hair_000235,D:\Projects\Personal Projects\Hairstyle Recommender Live Tryon\backend\data\processed\celeba_hair_rich_assets\images\celeba_hair_000235.png,male,high,short,0.9299001693725586,straight,0.8798049688339233
celeba_hair_000236,D:\Projects\Personal Projects\Hairstyle Recommender Live Tryon\backend\data\processed\celeba_hair_rich_assets\images\celeba_hair_000236.png,female,high,short,0.5362898111343384,straight,0.6367969512939453
celeba_hair_000237,D:\Projects\Personal Projects\Hairstyle Recommender Live Tryon\backend\data\processed\celeba_hair_rich_assets\images\celeba_hair_000237.png,male,high,short,0.6877074837684631,straight,0.5875569581985474
celeba_hair_000238,D:\Projects\Personal Projects\Hairstyle Recommender Live Tryon\backend\data\processed\celeba_hair_rich_assets\images\celeba_hair_000238.png,female,medium,short,0.7831902503967285,straight,0.6823998093605042
celeba_hair_000239,D:\Projects\Personal Projects\Hairstyle Recommender Live Tryon\backend\data\processed\celeba_hair_rich_assets\images\celeba_hair_000239.png,male,high,short,0.6558390259742737,straight,0.5420400500297546
celeba_hair_000240,D:\Projects\Personal Projects\Hairstyle Recommender Live Tryon\backend\data\processed\celeba_hair_rich_assets\images\celeba_hair_000240.png,female,high,short,0.834426760673523,straight,0.6995847821235657
celeba_hair_000241,D:\Projects\Personal Projects\Hairstyle Recommender Live Tryon\backend\data\processed\celeba_hair_rich_assets\images\celeba_hair_000241.png,female,high,short,0.6380552649497986,straight,0.5922591686248779
celeba_hair_000242,D:\Projects\Personal Projects\Hairstyle Recommender Live Tryon\backend\data\processed\celeba_hair_rich_assets\images\celeba_hair_000242.png,female,high,short,0.5466346144676208,straight,0.5947952270507812
celeba_hair_000243,D:\Projects\Personal Projects\Hairstyle Recommender Live Tryon\backend\data\processed\celeba_hair_rich_assets\images\celeba_hair_000243.png,male,medium,long,0.46022891998291016,straight,0.4903198778629303
celeba_hair_000244,D:\Projects\Personal Projects\Hairstyle Recommender Live Tryon\backend\data\processed\celeba_hair_rich_assets\images\celeba_hair_000244.png,female,high,short,0.505165696144104,straight,0.48366621136665344
celeba_hair_000245,D:\Projects\Personal Projects\Hairstyle Recommender Live Tryon\backend\data\processed\celeba_hair_rich_assets\images\celeba_hair_000245.png,female,high,short,0.4626512825489044,straight,0.5078189373016357
celeba_hair_000246,D:\Projects\Personal Projects\Hairstyle Recommender Live Tryon\backend\data\processed\celeba_hair_rich_assets\images\celeba_hair_000246.png,female,high,short,0.5093798041343689,straight,0.5320058465003967
celeba_hair_000247,D:\Projects\Personal Projects\Hairstyle Recommender Live Tryon\backend\data\processed\celeba_hair_rich_assets\images\celeba_hair_000247.png,male,high,long,0.5572707056999207,wavy,0.4950162172317505
celeba_hair_000248,D:\Projects\Personal Projects\Hairstyle Recommender Live Tryon\backend\data\processed\celeba_hair_rich_assets\images\celeba_hair_000248.png,male,medium,short,0.45886126160621643,wavy,0.5244259238243103
celeba_hair_000249,D:\Projects\Personal Projects\Hairstyle Recommender Live Tryon\backend\data\processed\celeba_hair_rich_assets\images\celeba_hair_000249.png,male,high,short,0.5987189412117004,straight,0.4881857931613922
celeba_hair_000250,D:\Projects\Personal Projects\Hairstyle Recommender Live Tryon\backend\data\processed\celeba_hair_rich_assets\images\celeba_hair_000250.png,female,medium,short,0.7721307873725891,straight,0.7331880331039429
