asset_id,image_path,mask_path,gender_label,confidence_bucket,quality_score,review_notes,status
celeba_hair_000002,D:\Projects\Personal Projects\Hairstyle Recommender Live Tryon\backend\data\processed\celeba_hair_rich_assets\images\celeba_hair_000002.png,D:\Projects\Personal Projects\Hairstyle Recommender Live Tryon\backend\data\processed\celeba_hair_rich_assets\masks\celeba_hair_000002_mask.png,female,high,1.0,sample_reference,reviewed_keep
celeba_hair_000003,D:\Projects\Personal Projects\Hairstyle Recommender Live Tryon\backend\data\processed\celeba_hair_rich_assets\images\celeba_hair_000003.png,D:\Projects\Personal Projects\Hairstyle Recommender Live Tryon\backend\data\processed\celeba_hair_rich_assets\masks\celeba_hair_000003_mask.png,male,medium,0.96,sample_reference,reviewed_keep
celeba_hair_000004,D:\Projects\Personal Projects\Hairstyle Recommender Live Tryon\backend\data\processed\celeba_hair_rich_assets\images\celeba_hair_000004.png,D:\Projects\Personal Projects\Hairstyle Recommender Live Tryon\backend\data\processed\celeba_hair_rich_assets\masks\celeba_hair_000004_mask.png,male,medium,0.96,sample_reference,reviewed_keep
celeba_hair_000005,D:\Projects\Personal Projects\Hairstyle Recommender Live Tryon\backend\data\processed\celeba_hair_rich_assets\images\celeba_hair_000005.png,D:\Projects\Personal Projects\Hairstyle Recommender Live Tryon\backend\data\processed\celeba_hair_rich_assets\masks\celeba_hair_000005_mask.png,female,high,1.0,sample_reference,reviewed_keep
celeba_hair_000006,D:\Projects\Personal Projects\Hairstyle Recommender Live Tryon\backend\data\processed\celeba_hair_rich_assets\images\celeba_hair_000006.png,D:\Projects\Personal Projects\Hairstyle Recommender Live Tryon\backend\data\processed\celeba_hair_rich_assets\masks\celeba_hair_000006_mask.png,male,medium,0.96,sample_reference,reviewed_keep
celeba_hair_000009,D:\Projects\Personal Projects\Hairstyle Recommender Live Tryon\backend\data\processed\celeba_hair_rich_assets\images\celeba_hair_000009.png,D:\Projects\Personal Projects\Hairstyle Recommender Live Tryon\backend\data\processed\celeba_hair_rich_assets\masks\celeba_hair_000009_mask.png,male,medium,1.0,sample_reference,reviewed_keep
celeba_hair_000011,D:\Projects\Personal Projects\Hairstyle Recommender Live Tryon\backend\data\processed\celeba_hair_rich_assets\images\celeba_hair_000011.png,D:\Projects\Personal Projects\Hairstyle Recommender Live Tryon\backend\data\processed\celeba_hair_rich_assets\masks\celeba_hair_000011_mask.png,female,high,1.0,sample_reference,reviewed_keep
celeba_hair_000012,D:\Projects\Personal Projects\Hairstyle Recommender Live Tryon\backend\data\processed\celeba_hair_rich_assets\images\celeba_hair_000012.png,D:\Projects\Personal Projects\Hairstyle Recommender Live Tryon\backend\data\processed\celeba_hair_rich_assets\masks\celeba_hair_000012_mask.png,female,high,1.0,sample_reference,reviewed_keep
celeba_hair_000013,D:\Projects\Personal Projects\Hairstyle Recommender Live Tryon\backend\data\processed\celeba_hair_rich_assets\images\celeba_hair_000013.png,D:\Projects\Personal Projects\Hairstyle Recommender Live Tryon\backend\data\processed\celeba_hair_rich_assets\masks\celeba_hair_000013_mask.png,male,medium,0.96,sample_reference,reviewed_keep
celeba_hair_000014,D:\Projects\Personal Projects\Hairstyle Recommender Live Tryon\backend\data\processed\celeba_hair_rich_assets\images\celeba_hair_000014.png,D:\Projects\Personal Projects\Hairstyle Recommender Live Tryon\backend\data\processed\celeba_hair_rich_assets\masks\celeba_hair_000014_mask.png,female,high,1.0,sample_reference,reviewed_keep
celeba_hair_000015,D:\Projects\Personal Projects\Hairstyle Recommender Live Tryon\backend\data\processed\celeba_hair_rich_assets\images\celeba_hair_000015.png,D:\Projects\Personal Projects\Hairstyle Recommender Live Tryon\backend\data\processed\celeba_hair_rich_assets\masks\celeba_hair_000015_mask.png,male,medium,1.0,sample_reference,reviewed_keep
celeba_hair_000016,D:\Projects\Personal Projects\Hairstyle Recommender Live Tryon\backend\data\processed\celeba_hair_rich_assets\images\celeba_hair_000016.png,D:\Projects\Personal Projects\Hairstyle Recommender Live Tryon\backend\data\processed\celeba_hair_rich_assets\masks\celeba_hair_000016_mask.png,female,high,1.0,sample_reference,reviewed_keep
celeba_hair_000018,D:\Projects\Personal Projects\Hairstyle Recommender Live Tryon\backend\data\processed\celeba_hair_rich_assets\images\celeba_hair_000018.png,D:\Projects\Personal Projects\Hairstyle Recommender Live Tryon\backend\data\processed\celeba_hair_rich_assets\masks\celeba_hair_000018_mask.png,female,high,1.0,sample_reference,reviewed_keep
celeba_hair_000023,D:\Projects\Personal Projects\Hairstyle Recommender Live Tryon\backend\data\processed\celeba_hair_rich_assets\images\celeba_hair_000023.png,D:\Projects\Personal Projects\Hairstyle Recommender Live Tryon\backend\data\processed\celeba_hair_rich_assets\masks\celeba_hair_000023_mask.png,male,medium,1.0,sample_reference,reviewed_keep
celeba_hair_000024,D:\Projects\Personal Projects\Hairstyle Recommender Live Tryon\backend\data\processed\celeba_hair_rich_assets\images\celeba_hair_000024.png,D:\Projects\Personal Projects\Hairstyle Recommender Live Tryon\backend\data\processed\celeba_hair_rich_assets\masks\celeba_hair_000024_mask.png,male,high,1.0,sample_reference,reviewed_keep
celeba_hair_000025,D:\Projects\Personal Projects\Hairstyle Recommender Live Tryon\backend\data\processed\celeba_hair_rich_assets\images\celeba_hair_000025.png,D:\Projects\Personal Projects\Hairstyle Recommender Live Tryon\backend\data\processed\celeba_hair_rich_assets\masks\celeba_hair_000025_mask.png,female,high,1.0,sample_reference,reviewed_keep
celeba_hair_000027,D:\Projects\Personal Projects\Hairstyle Recommender Live Tryon\backend\data\processed\celeba_hair_rich_assets\images\celeba_hair_000027.png,D:\Projects\Personal Projects\Hairstyle Recommender Live Tryon\backend\data\processed\celeba_hair_rich_assets\masks\celeba_hair_000027_mask.png,female,high,1.0,sample_reference,reviewed_keep
celeba_hair_000029,D:\Projects\Personal Projects\Hairstyle Recommender Live Tryon\backend\data\processed\celeba_hair_rich_assets\images\celeba_hair_000029.png,D:\Projects\Personal Projects\Hairstyle Recommender Live Tryon\backend\data\processed\celeba_hair_rich_assets\masks\celeba_hair_000029_mask.png,female,high,1.0,sample_reference,reviewed_keep
celeba_hair_000032,D:\Projects\Personal Projects\Hairstyle Recommender Live Tryon\backend\data\processed\celeba_hair_rich_assets\images\celeba_hair_000032.png,D:\Projects\Personal Projects\Hairstyle Recommender Live Tryon\backend\data\processed\celeba_hair_rich_assets\masks\celeba_hair_000032_mask.png,male,high,1.0,sample_reference,reviewed_keep
celeba_hair_000035,D:\Projects\Personal Projects\Hairstyle Recommender Live Tryon\backend\data\processed\celeba_hair_rich_assets\images\celeba_hair_000035.png,D:\Projects\Personal Projects\Hairstyle Recommender Live Tryon\backend\data\processed\celeba_hair_rich_assets\masks\celeba_hair_000035_mask.png,male,high,1.0,sample_reference,reviewed_keep
celeba_hair_000037,D:\Projects\Personal Projects\Hairstyle Recommender Live Tryon\backend\data\processed\celeba_hair_rich_assets\images\celeba_hair_000037.png,D:\Projects\Personal Projects\Hairstyle Recommender Live Tryon\backend\data\processed\celeba_hair_rich_assets\masks\celeba_hair_000037_mask.png,male,high,1.0,sample_reference,reviewed_keep
celeba_hair_000039,D:\Projects\Personal Projects\Hairstyle Recommender Live Tryon\backend\data\processed\celeba_hair_rich_assets\images\celeba_hair_000039.png,D:\Projects\Personal Projects\Hairstyle Recommender Live Tryon\backend\data\processed\celeba_hair_rich_assets\masks\celeba_hair_000039_mask.png,female,medium,1.0,sample_reference,reviewed_keep
celeba_hair_000040,D:\Projects\Personal Projects\Hairstyle Recommender Live Tryon\backend\data\processed\celeba_hair_rich_assets\images\celeba_hair_000040.png,D:\Projects\Personal Projects\Hairstyle Recommender Live Tryon\backend\data\processed\celeba_hair_rich_assets\masks\celeba_hair_000040_mask.png,female,medium,0.96,sample_reference,reviewed_keep
celeba_hair_000042,D:\Projects\Personal Projects\Hairstyle Recommender Live Tryon\backend\data\processed\celeba_hair_rich_assets\images\celeba_hair_000042.png,D:\Projects\Personal Projects\Hairstyle Recommender Live Tryon\backend\data\processed\celeba_hair_rich_assets\masks\celeba_hair_000042_mask.png,male,medium,1.0,sample_reference,reviewed_keep
celeba_hair_000043,D:\Projects\Personal Projects\Hairstyle Recommender Live Tryon\backend\data\processed\celeba_hair_rich_assets\images\celeba_hair_000043.png,D:\Projects\Personal Projects\Hairstyle Recommender Live Tryon\backend\data\processed\celeba_hair_rich_assets\masks\celeba_hair_000043_mask.png,male,medium,1.0,sample_reference,reviewed_keep
celeba_hair_000046,D:\Projects\Personal Projects\Hairstyle Recommender Live Tryon\backend\data\processed\celeba_hair_rich_assets\images\celeba_hair_000046.png,D:\Projects\Personal Projects\Hairstyle Recommender Live Tryon\backend\data\processed\celeba_hair_rich_assets\masks\celeba_hair_000046_mask.png,male,high,1.0,sample_reference,reviewed_keep
celeba_hair_000048,D:\Projects\Personal Projects\Hairstyle Recommender Live Tryon\backend\data\processed\celeba_hair_rich_assets\images\celeba_hair_000048.png,D:\Projects\Personal Projects\Hairstyle Recommender Live Tryon\backend\data\processed\celeba_hair_rich_assets\masks\celeba_hair_000048_mask.png,male,medium,1.0,sample_reference,reviewed_keep
celeba_hair_000059,D:\Projects\Personal Projects\Hairstyle Recommender Live Tryon\backend\data\processed\celeba_hair_rich_assets\images\celeba_hair_000059.png,D:\Projects\Personal Projects\Hairstyle Recommender Live Tryon\backend\data\processed\celeba_hair_rich_assets\masks\celeba_hair_000059_mask.png,female,high,1.0,sample_reference,reviewed_keep
celeba_hair_000062,D:\Projects\Personal Projects\Hairstyle Recommender Live Tryon\backend\data\processed\celeba_hair_rich_assets\images\celeba_hair_000062.png,D:\Projects\Personal Projects\Hairstyle Recommender Live Tryon\backend\data\processed\celeba_hair_rich_assets\masks\celeba_hair_000062_mask.png,female,high,1.0,sample_reference,reviewed_keep
celeba_hair_000065,D:\Projects\Personal Projects\Hairstyle Recommender Live Tryon\backend\data\processed\celeba_hair_rich_assets\images\celeba_hair_000065.png,D:\Projects\Personal Projects\Hairstyle Recommender Live Tryon\backend\data\processed\celeba_hair_rich_assets\masks\celeba_hair_000065_mask.png,female,high,1.0,codex_visual_review,reviewed_keep
celeba_hair_000066,D:\Projects\Personal Projects\Hairstyle Recommender Live Tryon\backend\data\processed\celeba_hair_rich_assets\images\celeba_hair_000066.png,D:\Projects\Personal Projects\Hairstyle Recommender Live Tryon\backend\data\processed\celeba_hair_rich_assets\masks\celeba_hair_000066_mask.png,male,high,1.0,sample_reference,reviewed_keep
celeba_hair_000068,D:\Projects\Personal Projects\Hairstyle Recommender Live Tryon\backend\data\processed\celeba_hair_rich_assets\images\celeba_hair_000068.png,D:\Projects\Personal Projects\Hairstyle Recommender Live Tryon\backend\data\processed\celeba_hair_rich_assets\masks\celeba_hair_000068_mask.png,male,medium,0.96,codex_visual_review,reviewed_keep
celeba_hair_000070,D:\Projects\Personal Projects\Hairstyle Recommender Live Tryon\backend\data\processed\celeba_hair_rich_assets\images\celeba_hair_000070.png,D:\Projects\Personal Projects\Hairstyle Recommender Live Tryon\backend\data\processed\celeba_hair_rich_assets\masks\celeba_hair_000070_mask.png,male,high,1.0,sample_reference,reviewed_keep
celeba_hair_000071,D:\Projects\Personal Projects\Hairstyle Recommender Live Tryon\backend\data\processed\celeba_hair_rich_assets\images\celeba_hair_000071.png,D:\Projects\Personal Projects\Hairstyle Recommender Live Tryon\backend\data\processed\celeba_hair_rich_assets\masks\celeba_hair_000071_mask.png,male,high,1.0,sample_reference,reviewed_keep
celeba_hair_000072,D:\Projects\Personal Projects\Hairstyle Recommender Live Tryon\backend\data\processed\celeba_hair_rich_assets\images\celeba_hair_000072.png,D:\Projects\Personal Projects\Hairstyle Recommender Live Tryon\backend\data\processed\celeba_hair_rich_assets\masks\celeba_hair_000072_mask.png,female,medium,0.96,sample_reference,reviewed_keep
celeba_hair_000074,D:\Projects\Personal Projects\Hairstyle Recommender Live Tryon\backend\data\processed\celeba_hair_rich_assets\images\celeba_hair_000074.png,D:\Projects\Personal Projects\Hairstyle Recommender Live Tryon\backend\data\processed\celeba_hair_rich_assets\masks\celeba_hair_000074_mask.png,female,high,1.0,codex_visual_review,reviewed_keep
celeba_hair_000078,D:\Projects\Personal Projects\Hairstyle Recommender Live Tryon\backend\data\processed\celeba_hair_rich_assets\images\celeba_hair_000078.png,D:\Projects\Personal Projects\Hairstyle Recommender Live Tryon\backend\data\processed\celeba_hair_rich_assets\masks\celeba_hair_000078_mask.png,male,medium,0.96,codex_visual_review,reviewed_keep
celeba_hair_000079,D:\Projects\Personal Projects\Hairstyle Recommender Live Tryon\backend\data\processed\celeba_hair_rich_assets\images\celeba_hair_000079.png,D:\Projects\Personal Projects\Hairstyle Recommender Live Tryon\backend\data\processed\celeba_hair_rich_assets\masks\celeba_hair_000079_mask.png,female,high,1.0,codex_visual_review,reviewed_keep
celeba_hair_000080,D:\Projects\Personal Projects\Hairstyle Recommender Live Tryon\backend\data\processed\celeba_hair_rich_assets\images\celeba_hair_000080.png,D:\Projects\Personal Projects\Hairstyle Recommender Live Tryon\backend\data\processed\celeba_hair_rich_assets\masks\celeba_hair_000080_mask.png,male,high,1.0,sample_reference,reviewed_keep
celeba_hair_000081,D:\Projects\Personal Projects\Hairstyle Recommender Live Tryon\backend\data\processed\celeba_hair_rich_assets\images\celeba_hair_000081.png,D:\Projects\Personal Projects\Hairstyle Recommender Live Tryon\backend\data\processed\celeba_hair_rich_assets\masks\celeba_hair_000081_mask.png,male,medium,0.96,codex_visual_review,reviewed_keep
celeba_hair_000083,D:\Projects\Personal Projects\Hairstyle Recommender Live Tryon\backend\data\processed\celeba_hair_rich_assets\images\celeba_hair_000083.png,D:\Projects\Personal Projects\Hairstyle Recommender Live Tryon\backend\data\processed\celeba_hair_rich_assets\masks\celeba_hair_000083_mask.png,female,high,1.0,codex_visual_review,reviewed_keep
celeba_hair_000085,D:\Projects\Personal Projects\Hairstyle Recommender Live Tryon\backend\data\processed\celeba_hair_rich_assets\images\celeba_hair_000085.png,D:\Projects\Personal Projects\Hairstyle Recommender Live Tryon\backend\data\processed\celeba_hair_rich_assets\masks\celeba_hair_000085_mask.png,male,medium,0.96,codex_visual_review,reviewed_keep
celeba_hair_000087,D:\Projects\Personal Projects\Hairstyle Recommender Live Tryon\backend\data\processed\celeba_hair_rich_assets\images\celeba_hair_000087.png,D:\Projects\Personal Projects\Hairstyle Recommender Live Tryon\backend\data\processed\celeba_hair_rich_assets\masks\celeba_hair_000087_mask.png,female,high,1.0,codex_visual_review,reviewed_keep
celeba_hair_000088,D:\Projects\Personal Projects\Hairstyle Recommender Live Tryon\backend\data\processed\celeba_hair_rich_assets\images\celeba_hair_000088.png,D:\Projects\Personal Projects\Hairstyle Recommender Live Tryon\backend\data\processed\celeba_hair_rich_assets\masks\celeba_hair_000088_mask.png,male,high,1.0,sample_reference,reviewed_keep
celeba_hair_000089,D:\Projects\Personal Projects\Hairstyle Recommender Live Tryon\backend\data\processed\celeba_hair_rich_assets\images\celeba_hair_000089.png,D:\Projects\Personal Projects\Hairstyle Recommender Live Tryon\backend\data\processed\celeba_hair_rich_assets\masks\celeba_hair_000089_mask.png,male,medium,0.96,codex_visual_review,reviewed_keep
celeba_hair_000090,D:\Projects\Personal Projects\Hairstyle Recommender Live Tryon\backend\data\processed\celeba_hair_rich_assets\images\celeba_hair_000090.png,D:\Projects\Personal Projects\Hairstyle Recommender Live Tryon\backend\data\processed\celeba_hair_rich_assets\masks\celeba_hair_000090_mask.png,female,high,1.0,codex_visual_review,reviewed_keep
celeba_hair_000091,D:\Projects\Personal Projects\Hairstyle Recommender Live Tryon\backend\data\processed\celeba_hair_rich_assets\images\celeba_hair_000091.png,D:\Projects\Personal Projects\Hairstyle Recommender Live Tryon\backend\data\processed\celeba_hair_rich_assets\masks\celeba_hair_000091_mask.png,female,medium,0.96,sample_reference,reviewed_keep
celeba_hair_000092,D:\Projects\Personal Projects\Hairstyle Recommender Live Tryon\backend\data\processed\celeba_hair_rich_assets\images\celeba_hair_000092.png,D:\Projects\Personal Projects\Hairstyle Recommender Live Tryon\backend\data\processed\celeba_hair_rich_assets\masks\celeba_hair_000092_mask.png,male,high,1.0,sample_reference,reviewed_keep
celeba_hair_000093,D:\Projects\Personal Projects\Hairstyle Recommender Live Tryon\backend\data\processed\celeba_hair_rich_assets\images\celeba_hair_000093.png,D:\Projects\Personal Projects\Hairstyle Recommender Live Tryon\backend\data\processed\celeba_hair_rich_assets\masks\celeba_hair_000093_mask.png,male,high,1.0,sample_reference,reviewed_keep
celeba_hair_000094,D:\Projects\Personal Projects\Hairstyle Recommender Live Tryon\backend\data\processed\celeba_hair_rich_assets\images\celeba_hair_000094.png,D:\Projects\Personal Projects\Hairstyle Recommender Live Tryon\backend\data\processed\celeba_hair_rich_assets\masks\celeba_hair_000094_mask.png,female,high,1.0,codex_visual_review,reviewed_keep
celeba_hair_000096,D:\Projects\Personal Projects\Hairstyle Recommender Live Tryon\backend\data\processed\celeba_hair_rich_assets\images\celeba_hair_000096.png,D:\Projects\Personal Projects\Hairstyle Recommender Live Tryon\backend\data\processed\celeba_hair_rich_assets\masks\celeba_hair_000096_mask.png,male,high,1.0,sample_reference,reviewed_keep
celeba_hair_000099,D:\Projects\Personal Projects\Hairstyle Recommender Live Tryon\backend\data\processed\celeba_hair_rich_assets\images\celeba_hair_000099.png,D:\Projects\Personal Projects\Hairstyle Recommender Live Tryon\backend\data\processed\celeba_hair_rich_assets\masks\celeba_hair_000099_mask.png,female,high,1.0,codex_visual_review,reviewed_keep
celeba_hair_000100,D:\Projects\Personal Projects\Hairstyle Recommender Live Tryon\backend\data\processed\celeba_hair_rich_assets\images\celeba_hair_000100.png,D:\Projects\Personal Projects\Hairstyle Recommender Live Tryon\backend\data\processed\celeba_hair_rich_assets\masks\celeba_hair_000100_mask.png,female,medium,0.96,sample_reference,reviewed_keep
celeba_hair_000101,D:\Projects\Personal Projects\Hairstyle Recommender Live Tryon\backend\data\processed\celeba_hair_rich_assets\images\celeba_hair_000101.png,D:\Projects\Personal Projects\Hairstyle Recommender Live Tryon\backend\data\processed\celeba_hair_rich_assets\masks\celeba_hair_000101_mask.png,female,medium,0.96,sample_reference,reviewed_keep
celeba_hair_000102,D:\Projects\Personal Projects\Hairstyle Recommender Live Tryon\backend\data\processed\celeba_hair_rich_assets\images\celeba_hair_000102.png,D:\Projects\Personal Projects\Hairstyle Recommender Live Tryon\backend\data\processed\celeba_hair_rich_assets\masks\celeba_hair_000102_mask.png,female,high,1.0,codex_visual_review,reviewed_keep
celeba_hair_000105,D:\Projects\Personal Projects\Hairstyle Recommender Live Tryon\backend\data\processed\celeba_hair_rich_assets\images\celeba_hair_000105.png,D:\Projects\Personal Projects\Hairstyle Recommender Live Tryon\backend\data\processed\celeba_hair_rich_assets\masks\celeba_hair_000105_mask.png,male,high,1.0,sample_reference,reviewed_keep
celeba_hair_000106,D:\Projects\Personal Projects\Hairstyle Recommender Live Tryon\backend\data\processed\celeba_hair_rich_assets\images\celeba_hair_000106.png,D:\Projects\Personal Projects\Hairstyle Recommender Live Tryon\backend\data\processed\celeba_hair_rich_assets\masks\celeba_hair_000106_mask.png,female,medium,0.96,sample_reference,reviewed_keep
celeba_hair_000108,D:\Projects\Personal Projects\Hairstyle Recommender Live Tryon\backend\data\processed\celeba_hair_rich_assets\images\celeba_hair_000108.png,D:\Projects\Personal Projects\Hairstyle Recommender Live Tryon\backend\data\processed\celeba_hair_rich_assets\masks\celeba_hair_000108_mask.png,male,medium,1.0,codex_visual_review,reviewed_keep
celeba_hair_000112,D:\Projects\Personal Projects\Hairstyle Recommender Live Tryon\backend\data\processed\celeba_hair_rich_assets\images\celeba_hair_000112.png,D:\Projects\Personal Projects\Hairstyle Recommender Live Tryon\backend\data\processed\celeba_hair_rich_assets\masks\celeba_hair_000112_mask.png,female,high,1.0,codex_visual_review,reviewed_keep
celeba_hair_000115,D:\Projects\Personal Projects\Hairstyle Recommender Live Tryon\backend\data\processed\celeba_hair_rich_assets\images\celeba_hair_000115.png,D:\Projects\Personal Projects\Hairstyle Recommender Live Tryon\backend\data\processed\celeba_hair_rich_assets\masks\celeba_hair_000115_mask.png,female,high,1.0,codex_visual_review,reviewed_keep
celeba_hair_000118,D:\Projects\Personal Projects\Hairstyle Recommender Live Tryon\backend\data\processed\celeba_hair_rich_assets\images\celeba_hair_000118.png,D:\Projects\Personal Projects\Hairstyle Recommender Live Tryon\backend\data\processed\celeba_hair_rich_assets\masks\celeba_hair_000118_mask.png,male,medium,1.0,codex_visual_review,reviewed_keep
celeba_hair_000120,D:\Projects\Personal Projects\Hairstyle Recommender Live Tryon\backend\data\processed\celeba_hair_rich_assets\images\celeba_hair_000120.png,D:\Projects\Personal Projects\Hairstyle Recommender Live Tryon\backend\data\processed\celeba_hair_rich_assets\masks\celeba_hair_000120_mask.png,female,medium,0.96,codex_visual_review,reviewed_keep
celeba_hair_000123,D:\Projects\Personal Projects\Hairstyle Recommender Live Tryon\backend\data\processed\celeba_hair_rich_assets\images\celeba_hair_000123.png,D:\Projects\Personal Projects\Hairstyle Recommender Live Tryon\backend\data\processed\celeba_hair_rich_assets\masks\celeba_hair_000123_mask.png,male,high,1.0,codex_visual_review,reviewed_keep
celeba_hair_000124,D:\Projects\Personal Projects\Hairstyle Recommender Live Tryon\backend\data\processed\celeba_hair_rich_assets\images\celeba_hair_000124.png,D:\Projects\Personal Projects\Hairstyle Recommender Live Tryon\backend\data\processed\celeba_hair_rich_assets\masks\celeba_hair_000124_mask.png,female,high,1.0,codex_visual_review,reviewed_keep
celeba_hair_000127,D:\Projects\Personal Projects\Hairstyle Recommender Live Tryon\backend\data\processed\celeba_hair_rich_assets\images\celeba_hair_000127.png,D:\Projects\Personal Projects\Hairstyle Recommender Live Tryon\backend\data\processed\celeba_hair_rich_assets\masks\celeba_hair_000127_mask.png,male,medium,1.0,codex_visual_review,reviewed_keep
celeba_hair_000128,D:\Projects\Personal Projects\Hairstyle Recommender Live Tryon\backend\data\processed\celeba_hair_rich_assets\images\celeba_hair_000128.png,D:\Projects\Personal Projects\Hairstyle Recommender Live Tryon\backend\data\processed\celeba_hair_rich_assets\masks\celeba_hair_000128_mask.png,male,medium,1.0,codex_visual_review,reviewed_keep
celeba_hair_000131,D:\Projects\Personal Projects\Hairstyle Recommender Live Tryon\backend\data\processed\celeba_hair_rich_assets\images\celeba_hair_000131.png,D:\Projects\Personal Projects\Hairstyle Recommender Live Tryon\backend\data\processed\celeba_hair_rich_assets\masks\celeba_hair_000131_mask.png,male,medium,0.96,codex_visual_review,reviewed_keep
celeba_hair_000132,D:\Projects\Personal Projects\Hairstyle Recommender Live Tryon\backend\data\processed\celeba_hair_rich_assets\images\celeba_hair_000132.png,D:\Projects\Personal Projects\Hairstyle Recommender Live Tryon\backend\data\processed\celeba_hair_rich_assets\masks\celeba_hair_000132_mask.png,male,medium,0.96,codex_visual_review,reviewed_keep
celeba_hair_000133,D:\Projects\Personal Projects\Hairstyle Recommender Live Tryon\backend\data\processed\celeba_hair_rich_assets\images\celeba_hair_000133.png,D:\Projects\Personal Projects\Hairstyle Recommender Live Tryon\backend\data\processed\celeba_hair_rich_assets\masks\celeba_hair_000133_mask.png,female,medium,0.96,codex_visual_review,reviewed_keep
celeba_hair_000134,D:\Projects\Personal Projects\Hairstyle Recommender Live Tryon\backend\data\processed\celeba_hair_rich_assets\images\celeba_hair_000134.png,D:\Projects\Personal Projects\Hairstyle Recommender Live Tryon\backend\data\processed\celeba_hair_rich_assets\masks\celeba_hair_000134_mask.png,female,high,1.0,codex_visual_review,reviewed_keep
celeba_hair_000138,D:\Projects\Personal Projects\Hairstyle Recommender Live Tryon\backend\data\processed\celeba_hair_rich_assets\images\celeba_hair_000138.png,D:\Projects\Personal Projects\Hairstyle Recommender Live Tryon\backend\data\processed\celeba_hair_rich_assets\masks\celeba_hair_000138_mask.png,female,high,1.0,codex_visual_review,reviewed_keep
celeba_hair_000141,D:\Projects\Personal Projects\Hairstyle Recommender Live Tryon\backend\data\processed\celeba_hair_rich_assets\images\celeba_hair_000141.png,D:\Projects\Personal Projects\Hairstyle Recommender Live Tryon\backend\data\processed\celeba_hair_rich_assets\masks\celeba_hair_000141_mask.png,male,high,1.0,codex_visual_review,reviewed_keep
celeba_hair_000142,D:\Projects\Personal Projects\Hairstyle Recommender Live Tryon\backend\data\processed\celeba_hair_rich_assets\images\celeba_hair_000142.png,D:\Projects\Personal Projects\Hairstyle Recommender Live Tryon\backend\data\processed\celeba_hair_rich_assets\masks\celeba_hair_000142_mask.png,female,high,1.0,codex_visual_review,reviewed_keep
celeba_hair_000148,D:\Projects\Personal Projects\Hairstyle Recommender Live Tryon\backend\data\processed\celeba_hair_rich_assets\images\celeba_hair_000148.png,D:\Projects\Personal Projects\Hairstyle Recommender Live Tryon\backend\data\processed\celeba_hair_rich_assets\masks\celeba_hair_000148_mask.png,female,high,1.0,codex_visual_review,reviewed_keep
celeba_hair_000149,D:\Projects\Personal Projects\Hairstyle Recommender Live Tryon\backend\data\processed\celeba_hair_rich_assets\images\celeba_hair_000149.png,D:\Projects\Personal Projects\Hairstyle Recommender Live Tryon\backend\data\processed\celeba_hair_rich_assets\masks\celeba_hair_000149_mask.png,female,medium,0.96,codex_visual_review,reviewed_keep
celeba_hair_000152,D:\Projects\Personal Projects\Hairstyle Recommender Live Tryon\backend\data\processed\celeba_hair_rich_assets\images\celeba_hair_000152.png,D:\Projects\Personal Projects\Hairstyle Recommender Live Tryon\backend\data\processed\celeba_hair_rich_assets\masks\celeba_hair_000152_mask.png,female,medium,1.0,codex_visual_review,reviewed_keep
celeba_hair_000153,D:\Projects\Personal Projects\Hairstyle Recommender Live Tryon\backend\data\processed\celeba_hair_rich_assets\images\celeba_hair_000153.png,D:\Projects\Personal Projects\Hairstyle Recommender Live Tryon\backend\data\processed\celeba_hair_rich_assets\masks\celeba_hair_000153_mask.png,female,high,1.0,codex_visual_review,reviewed_keep
celeba_hair_000154,D:\Projects\Personal Projects\Hairstyle Recommender Live Tryon\backend\data\processed\celeba_hair_rich_assets\images\celeba_hair_000154.png,D:\Projects\Personal Projects\Hairstyle Recommender Live Tryon\backend\data\processed\celeba_hair_rich_assets\masks\celeba_hair_000154_mask.png,female,high,1.0,codex_visual_review,reviewed_keep
celeba_hair_000157,D:\Projects\Personal Projects\Hairstyle Recommender Live Tryon\backend\data\processed\celeba_hair_rich_assets\images\celeba_hair_000157.png,D:\Projects\Personal Projects\Hairstyle Recommender Live Tryon\backend\data\processed\celeba_hair_rich_assets\masks\celeba_hair_000157_mask.png,female,medium,0.96,codex_visual_review,reviewed_keep
celeba_hair_000161,D:\Projects\Personal Projects\Hairstyle Recommender Live Tryon\backend\data\processed\celeba_hair_rich_assets\images\celeba_hair_000161.png,D:\Projects\Personal Projects\Hairstyle Recommender Live Tryon\backend\data\processed\celeba_hair_rich_assets\masks\celeba_hair_000161_mask.png,male,high,1.0,codex_visual_review,reviewed_keep
celeba_hair_000163,D:\Projects\Personal Projects\Hairstyle Recommender Live Tryon\backend\data\processed\celeba_hair_rich_assets\images\celeba_hair_000163.png,D:\Projects\Personal Projects\Hairstyle Recommender Live Tryon\backend\data\processed\celeba_hair_rich_assets\masks\celeba_hair_000163_mask.png,female,medium,0.96,codex_visual_review,reviewed_keep
celeba_hair_000164,D:\Projects\Personal Projects\Hairstyle Recommender Live Tryon\backend\data\processed\celeba_hair_rich_assets\images\celeba_hair_000164.png,D:\Projects\Personal Projects\Hairstyle Recommender Live Tryon\backend\data\processed\celeba_hair_rich_assets\masks\celeba_hair_000164_mask.png,female,medium,1.0,codex_visual_review,reviewed_keep
celeba_hair_000168,D:\Projects\Personal Projects\Hairstyle Recommender Live Tryon\backend\data\processed\celeba_hair_rich_assets\images\celeba_hair_000168.png,D:\Projects\Personal Projects\Hairstyle Recommender Live Tryon\backend\data\processed\celeba_hair_rich_assets\masks\celeba_hair_000168_mask.png,male,medium,0.96,codex_visual_review,reviewed_keep
celeba_hair_000169,D:\Projects\Personal Projects\Hairstyle Recommender Live Tryon\backend\data\processed\celeba_hair_rich_assets\images\celeba_hair_000169.png,D:\Projects\Personal Projects\Hairstyle Recommender Live Tryon\backend\data\processed\celeba_hair_rich_assets\masks\celeba_hair_000169_mask.png,female,high,1.0,codex_visual_review,reviewed_keep
celeba_hair_000170,D:\Projects\Personal Projects\Hairstyle Recommender Live Tryon\backend\data\processed\celeba_hair_rich_assets\images\celeba_hair_000170.png,D:\Projects\Personal Projects\Hairstyle Recommender Live Tryon\backend\data\processed\celeba_hair_rich_assets\masks\celeba_hair_000170_mask.png,female,high,1.0,codex_visual_review,reviewed_keep
celeba_hair_000171,D:\Projects\Personal Projects\Hairstyle Recommender Live Tryon\backend\data\processed\celeba_hair_rich_assets\images\celeba_hair_000171.png,D:\Projects\Personal Projects\Hairstyle Recommender Live Tryon\backend\data\processed\celeba_hair_rich_assets\masks\celeba_hair_000171_mask.png,female,high,1.0,codex_visual_review,reviewed_keep
celeba_hair_000174,D:\Projects\Personal Projects\Hairstyle Recommender Live Tryon\backend\data\processed\celeba_hair_rich_assets\images\celeba_hair_000174.png,D:\Projects\Personal Projects\Hairstyle Recommender Live Tryon\backend\data\processed\celeba_hair_rich_assets\masks\celeba_hair_000174_mask.png,female,high,1.0,codex_visual_review,reviewed_keep
celeba_hair_000178,D:\Projects\Personal Projects\Hairstyle Recommender Live Tryon\backend\data\processed\celeba_hair_rich_assets\images\celeba_hair_000178.png,D:\Projects\Personal Projects\Hairstyle Recommender Live Tryon\backend\data\processed\celeba_hair_rich_assets\masks\celeba_hair_000178_mask.png,female,high,1.0,codex_visual_review,reviewed_keep
celeba_hair_000180,D:\Projects\Personal Projects\Hairstyle Recommender Live Tryon\backend\data\processed\celeba_hair_rich_assets\images\celeba_hair_000180.png,D:\Projects\Personal Projects\Hairstyle Recommender Live Tryon\backend\data\processed\celeba_hair_rich_assets\masks\celeba_hair_000180_mask.png,female,high,1.0,codex_visual_review,reviewed_keep
celeba_hair_000181,D:\Projects\Personal Projects\Hairstyle Recommender Live Tryon\backend\data\processed\celeba_hair_rich_assets\images\celeba_hair_000181.png,D:\Projects\Personal Projects\Hairstyle Recommender Live Tryon\backend\data\processed\celeba_hair_rich_assets\masks\celeba_hair_000181_mask.png,male,medium,0.96,codex_visual_review,reviewed_keep
celeba_hair_000185,D:\Projects\Personal Projects\Hairstyle Recommender Live Tryon\backend\data\processed\celeba_hair_rich_assets\images\celeba_hair_000185.png,D:\Projects\Personal Projects\Hairstyle Recommender Live Tryon\backend\data\processed\celeba_hair_rich_assets\masks\celeba_hair_000185_mask.png,male,medium,0.96,codex_visual_review,reviewed_keep
celeba_hair_000186,D:\Projects\Personal Projects\Hairstyle Recommender Live Tryon\backend\data\processed\celeba_hair_rich_assets\images\celeba_hair_000186.png,D:\Projects\Personal Projects\Hairstyle Recommender Live Tryon\backend\data\processed\celeba_hair_rich_assets\masks\celeba_hair_000186_mask.png,male,medium,0.96,codex_visual_review,reviewed_keep
celeba_hair_000187,D:\Projects\Personal Projects\Hairstyle Recommender Live Tryon\backend\data\processed\celeba_hair_rich_assets\images\celeba_hair_000187.png,D:\Projects\Personal Projects\Hairstyle Recommender Live Tryon\backend\data\processed\celeba_hair_rich_assets\masks\celeba_hair_000187_mask.png,male,high,1.0,codex_visual_review,reviewed_keep
celeba_hair_000188,D:\Projects\Personal Projects\Hairstyle Recommender Live Tryon\backend\data\processed\celeba_hair_rich_assets\images\celeba_hair_000188.png,D:\Projects\Personal Projects\Hairstyle Recommender Live Tryon\backend\data\processed\celeba_hair_rich_assets\masks\celeba_hair_000188_mask.png,female,high,1.0,codex_visual_review,reviewed_keep
celeba_hair_000189,D:\Projects\Personal Projects\Hairstyle Recommender Live Tryon\backend\data\processed\celeba_hair_rich_assets\images\celeba_hair_000189.png,D:\Projects\Personal Projects\Hairstyle Recommender Live Tryon\backend\data\processed\celeba_hair_rich_assets\masks\celeba_hair_000189_mask.png,female,high,1.0,codex_visual_review,reviewed_keep
celeba_hair_000190,D:\Projects\Personal Projects\Hairstyle Recommender Live Tryon\backend\data\processed\celeba_hair_rich_assets\images\celeba_hair_000190.png,D:\Projects\Personal Projects\Hairstyle Recommender Live Tryon\backend\data\processed\celeba_hair_rich_assets\masks\celeba_hair_000190_mask.png,female,high,1.0,codex_visual_review,reviewed_keep
celeba_hair_000193,D:\Projects\Personal Projects\Hairstyle Recommender Live Tryon\backend\data\processed\celeba_hair_rich_assets\images\celeba_hair_000193.png,D:\Projects\Personal Projects\Hairstyle Recommender Live Tryon\backend\data\processed\celeba_hair_rich_assets\masks\celeba_hair_000193_mask.png,female,high,1.0,codex_visual_review,reviewed_keep
celeba_hair_000195,D:\Projects\Personal Projects\Hairstyle Recommender Live Tryon\backend\data\processed\celeba_hair_rich_assets\images\celeba_hair_000195.png,D:\Projects\Personal Projects\Hairstyle Recommender Live Tryon\backend\data\processed\celeba_hair_rich_assets\masks\celeba_hair_000195_mask.png,female,high,1.0,codex_visual_review,reviewed_keep
celeba_hair_000200,D:\Projects\Personal Projects\Hairstyle Recommender Live Tryon\backend\data\processed\celeba_hair_rich_assets\images\celeba_hair_000200.png,D:\Projects\Personal Projects\Hairstyle Recommender Live Tryon\backend\data\processed\celeba_hair_rich_assets\masks\celeba_hair_000200_mask.png,female,high,1.0,codex_visual_review,reviewed_keep
celeba_hair_000205,D:\Projects\Personal Projects\Hairstyle Recommender Live Tryon\backend\data\processed\celeba_hair_rich_assets\images\celeba_hair_000205.png,D:\Projects\Personal Projects\Hairstyle Recommender Live Tryon\backend\data\processed\celeba_hair_rich_assets\masks\celeba_hair_000205_mask.png,female,high,1.0,codex_visual_review,reviewed_keep
celeba_hair_000209,D:\Projects\Personal Projects\Hairstyle Recommender Live Tryon\backend\data\processed\celeba_hair_rich_assets\images\celeba_hair_000209.png,D:\Projects\Personal Projects\Hairstyle Recommender Live Tryon\backend\data\processed\celeba_hair_rich_assets\masks\celeba_hair_000209_mask.png,female,high,1.0,codex_visual_review,reviewed_keep
celeba_hair_000210,D:\Projects\Personal Projects\Hairstyle Recommender Live Tryon\backend\data\processed\celeba_hair_rich_assets\images\celeba_hair_000210.png,D:\Projects\Personal Projects\Hairstyle Recommender Live Tryon\backend\data\processed\celeba_hair_rich_assets\masks\celeba_hair_000210_mask.png,female,high,1.0,codex_visual_review,reviewed_keep
celeba_hair_000212,D:\Projects\Personal Projects\Hairstyle Recommender Live Tryon\backend\data\processed\celeba_hair_rich_assets\images\celeba_hair_000212.png,D:\Projects\Personal Projects\Hairstyle Recommender Live Tryon\backend\data\processed\celeba_hair_rich_assets\masks\celeba_hair_000212_mask.png,female,medium,0.96,codex_visual_review,reviewed_keep
celeba_hair_000213,D:\Projects\Personal Projects\Hairstyle Recommender Live Tryon\backend\data\processed\celeba_hair_rich_assets\images\celeba_hair_000213.png,D:\Projects\Personal Projects\Hairstyle Recommender Live Tryon\backend\data\processed\celeba_hair_rich_assets\masks\celeba_hair_000213_mask.png,female,medium,0.96,codex_visual_review,reviewed_keep
celeba_hair_000225,D:\Projects\Personal Projects\Hairstyle Recommender Live Tryon\backend\data\processed\celeba_hair_rich_assets\images\celeba_hair_000225.png,D:\Projects\Personal Projects\Hairstyle Recommender Live Tryon\backend\data\processed\celeba_hair_rich_assets\masks\celeba_hair_000225_mask.png,male,high,1.0,codex_visual_review,reviewed_keep
celeba_hair_000226,D:\Projects\Personal Projects\Hairstyle Recommender Live Tryon\backend\data\processed\celeba_hair_rich_assets\images\celeba_hair_000226.png,D:\Projects\Personal Projects\Hairstyle Recommender Live Tryon\backend\data\processed\celeba_hair_rich_assets\masks\celeba_hair_000226_mask.png,male,high,1.0,codex_visual_review,reviewed_keep
celeba_hair_000227,D:\Projects\Personal Projects\Hairstyle Recommender Live Tryon\backend\data\processed\celeba_hair_rich_assets\images\celeba_hair_000227.png,D:\Projects\Personal Projects\Hairstyle Recommender Live Tryon\backend\data\processed\celeba_hair_rich_assets\masks\celeba_hair_000227_mask.png,female,high,1.0,codex_visual_review,reviewed_keep
celeba_hair_000231,D:\Projects\Personal Projects\Hairstyle Recommender Live Tryon\backend\data\processed\celeba_hair_rich_assets\images\celeba_hair_000231.png,D:\Projects\Personal Projects\Hairstyle Recommender Live Tryon\backend\data\processed\celeba_hair_rich_assets\masks\celeba_hair_000231_mask.png,female,high,1.0,codex_visual_review,reviewed_keep
celeba_hair_000232,D:\Projects\Personal Projects\Hairstyle Recommender Live Tryon\backend\data\processed\celeba_hair_rich_assets\images\celeba_hair_000232.png,D:\Projects\Personal Projects\Hairstyle Recommender Live Tryon\backend\data\processed\celeba_hair_rich_assets\masks\celeba_hair_000232_mask.png,female,high,1.0,codex_visual_review,reviewed_keep
celeba_hair_000233,D:\Projects\Personal Projects\Hairstyle Recommender Live Tryon\backend\data\processed\celeba_hair_rich_assets\images\celeba_hair_000233.png,D:\Projects\Personal Projects\Hairstyle Recommender Live Tryon\backend\data\processed\celeba_hair_rich_assets\masks\celeba_hair_000233_mask.png,male,medium,1.0,codex_visual_review,reviewed_keep
celeba_hair_000235,D:\Projects\Personal Projects\Hairstyle Recommender Live Tryon\backend\data\processed\celeba_hair_rich_assets\images\celeba_hair_000235.png,D:\Projects\Personal Projects\Hairstyle Recommender Live Tryon\backend\data\processed\celeba_hair_rich_assets\masks\celeba_hair_000235_mask.png,male,high,1.0,codex_visual_review,reviewed_keep
celeba_hair_000236,D:\Projects\Personal Projects\Hairstyle Recommender Live Tryon\backend\data\processed\celeba_hair_rich_assets\images\celeba_hair_000236.png,D:\Projects\Personal Projects\Hairstyle Recommender Live Tryon\backend\data\processed\celeba_hair_rich_assets\masks\celeba_hair_000236_mask.png,female,high,1.0,codex_visual_review,reviewed_keep
celeba_hair_000237,D:\Projects\Personal Projects\Hairstyle Recommender Live Tryon\backend\data\processed\celeba_hair_rich_assets\images\celeba_hair_000237.png,D:\Projects\Personal Projects\Hairstyle Recommender Live Tryon\backend\data\processed\celeba_hair_rich_assets\masks\celeba_hair_000237_mask.png,male,high,1.0,codex_visual_review,reviewed_keep
celeba_hair_000240,D:\Projects\Personal Projects\Hairstyle Recommender Live Tryon\backend\data\processed\celeba_hair_rich_assets\images\celeba_hair_000240.png,D:\Projects\Personal Projects\Hairstyle Recommender Live Tryon\backend\data\processed\celeba_hair_rich_assets\masks\celeba_hair_000240_mask.png,female,high,1.0,codex_visual_review,reviewed_keep
celeba_hair_000241,D:\Projects\Personal Projects\Hairstyle Recommender Live Tryon\backend\data\processed\celeba_hair_rich_assets\images\celeba_hair_000241.png,D:\Projects\Personal Projects\Hairstyle Recommender Live Tryon\backend\data\processed\celeba_hair_rich_assets\masks\celeba_hair_000241_mask.png,female,high,1.0,codex_visual_review,reviewed_keep
celeba_hair_000242,D:\Projects\Personal Projects\Hairstyle Recommender Live Tryon\backend\data\processed\celeba_hair_rich_assets\images\celeba_hair_000242.png,D:\Projects\Personal Projects\Hairstyle Recommender Live Tryon\backend\data\processed\celeba_hair_rich_assets\masks\celeba_hair_000242_mask.png,female,high,1.0,codex_visual_review,reviewed_keep
celeba_hair_000245,D:\Projects\Personal Projects\Hairstyle Recommender Live Tryon\backend\data\processed\celeba_hair_rich_assets\images\celeba_hair_000245.png,D:\Projects\Personal Projects\Hairstyle Recommender Live Tryon\backend\data\processed\celeba_hair_rich_assets\masks\celeba_hair_000245_mask.png,female,high,1.0,codex_visual_review,reviewed_keep
celeba_hair_000246,D:\Projects\Personal Projects\Hairstyle Recommender Live Tryon\backend\data\processed\celeba_hair_rich_assets\images\celeba_hair_000246.png,D:\Projects\Personal Projects\Hairstyle Recommender Live Tryon\backend\data\processed\celeba_hair_rich_assets\masks\celeba_hair_000246_mask.png,female,high,1.0,codex_visual_review,reviewed_keep
celeba_hair_000249,D:\Projects\Personal Projects\Hairstyle Recommender Live Tryon\backend\data\processed\celeba_hair_rich_assets\images\celeba_hair_000249.png,D:\Projects\Personal Projects\Hairstyle Recommender Live Tryon\backend\data\processed\celeba_hair_rich_assets\masks\celeba_hair_000249_mask.png,male,high,1.0,codex_visual_review,reviewed_keep
celeba_hair_000250,D:\Projects\Personal Projects\Hairstyle Recommender Live Tryon\backend\data\processed\celeba_hair_rich_assets\images\celeba_hair_000250.png,D:\Projects\Personal Projects\Hairstyle Recommender Live Tryon\backend\data\processed\celeba_hair_rich_assets\masks\celeba_hair_000250_mask.png,female,medium,0.96,codex_visual_review,reviewed_keep
